"350190566","KRAKÓW-BALICE","2021","01","01",7.9,"",1.6,"",-1.1,"",5.7,"",100.0,"",981.8,"",1012.1,"",.0,"",.0,""
"350190566","KRAKÓW-BALICE","2021","01","02",7.4,"",2.8,"",.2,"",6.1,"",97.5,"",986.4,"",1016.6,"",.0,"",.0,""
"350190566","KRAKÓW-BALICE","2021","01","03",6.9,"",1.9,"",1.0,"",6.1,"",92.3,"",984.7,"",1014.8,"",.0,"",.0,""
"350190566","KRAKÓW-BALICE","2021","01","04",4.6,"",2.1,"",1.7,"",6.6,"",95.9,"",985.3,"",1015.3,"",.0,"",7.3,""
"350190566","KRAKÓW-BALICE","2021","01","05",8.0,"",3.3,"",2.2,"",7.0,"",96.6,"",981.2,"",1011.0,"",4.1,"",.0,""
"350190566","KRAKÓW-BALICE","2021","01","06",7.3,"",1.9,"",1.0,"",6.3,"",95.8,"",982.1,"",1012.1,"",2.4,"",.3,""
"350190566","KRAKÓW-BALICE","2021","01","07",7.6,"",3.8,"",.7,"",6.0,"",93.0,"",982.5,"",1012.5,"",.2,"",.1,""
"350190566","KRAKÓW-BALICE","2021","01","08",5.4,"",1.9,"",.0,"",5.1,"",83.9,"",985.2,"",1015.4,"",.0,"",.0,""
"350190566","KRAKÓW-BALICE","2021","01","09",7.0,"",3.1,"",-.1,"",5.3,"",87.5,"",989.8,"",1020.2,"",.0,"",.0,""
"350190566","KRAKÓW-BALICE","2021","01","10",4.0,"",1.3,"",-1.1,"",4.8,"",84.8,"",994.2,"",1024.8,"",.0,"",.0,""
"350190566","KRAKÓW-BALICE","2021","01","11",1.5,"",.5,"",-4.3,"",3.9,"",86.9,"",992.5,"",1023.5,"",.0,"",.0,""
"350190566","KRAKÓW-BALICE","2021","01","12",4.0,"",2.0,"",-3.4,"",4.0,"",82.9,"",981.0,"",1011.5,"",.0,"",2.1,""
"350190566","KRAKÓW-BALICE","2021","01","13",7.6,"",5.6,"",-.5,"",5.5,"",92.4,"",978.2,"",1008.2,"",2.1,"",2.7,""
"350190566","KRAKÓW-BALICE","2021","01","14",7.8,"",3.0,"",-.7,"",5.3,"",91.8,"",978.8,"",1008.9,"",.8,"",.6,""
"350190566","KRAKÓW-BALICE","2021","01","15",7.5,"",3.9,"",-4.3,"",3.7,"",81.0,"",988.2,"",1019.0,"",.6,"",1.5,""
"350190566","KRAKÓW-BALICE","2021","01","16",7.5,"",5.1,"",-5.3,"",3.6,"",86.5,"",988.5,"",1019.4,"",.4,"",2.4,""
"350190566","KRAKÓW-BALICE","2021","01","17",6.8,"",2.4,"",-9.3,"",2.7,"",86.0,"",988.6,"",1020.1,"",.0,"",.1,""
"350190566","KRAKÓW-BALICE","2021","01","18",5.4,"",2.1,"",-10.5,"",2.3,"",82.6,"",992.4,"",1024.0,"",.0,"",2.6,""
"350190566","KRAKÓW-BALICE","2021","01","19",7.9,"",2.6,"",-1.6,"",4.9,"",87.6,"",986.0,"",1016.4,"",.7,"",1.0,""
"350190566","KRAKÓW-BALICE","2021","01","20",6.6,"",1.9,"",1.9,"",6.2,"",89.4,"",982.1,"",1012.0,"",.0,"",.0,""
"350190566","KRAKÓW-BALICE","2021","01","21",3.1,"",1.3,"",-1.6,"",4.9,"",89.1,"",979.0,"",1009.2,"",.0,"",.0,""
"350190566","KRAKÓW-BALICE","2021","01","22",6.1,"",2.4,"",2.6,"",6.3,"",85.0,"",973.3,"",1002.9,"",.5,"",.0,""
"350190566","KRAKÓW-BALICE","2021","01","23",6.6,"",2.9,"",4.0,"",7.0,"",86.4,"",969.6,"",998.9,"",.0,"",.0,""
"350190566","KRAKÓW-BALICE","2021","01","24",7.1,"",2.9,"",1.6,"",6.1,"",88.9,"",968.2,"",997.8,"",.8,"",.0,""
"350190566","KRAKÓW-BALICE","2021","01","25",8.0,"",3.9,"",.4,"",5.2,"",82.4,"",971.8,"",1001.6,"",.1,"",.1,""
"350190566","KRAKÓW-BALICE","2021","01","26",7.0,"",5.3,"",-.9,"",5.0,"",86.9,"",980.7,"",1010.9,"",.2,"",.2,""
"350190566","KRAKÓW-BALICE","2021","01","27",7.6,"",4.0,"",-1.7,"",4.8,"",89.3,"",984.1,"",1014.5,"",.1,"",.0,""
"350190566","KRAKÓW-BALICE","2021","01","28",5.4,"",1.8,"",-2.4,"",4.5,"",86.3,"",977.7,"",1008.0,"",.0,"",.9,""
"350190566","KRAKÓW-BALICE","2021","01","29",6.6,"",3.8,"",-.5,"",4.8,"",82.0,"",970.2,"",1000.0,"",.0,"",3.1,""
"350190566","KRAKÓW-BALICE","2021","01","30",8.0,"",3.4,"",-1.7,"",4.9,"",90.1,"",969.1,"",999.0,"",1.8,"",.3,""
"350190566","KRAKÓW-BALICE","2021","01","31",3.9,"",1.4,"",-6.3,"",3.1,"",82.1,"",977.8,"",1008.5,"",.0,"",.0,""
"350190566","KRAKÓW-BALICE","2021","02","01",4.8,"",4.3,"",-7.6,"",3.2,"",89.1,"",975.8,"",1006.6,"",.0,"",.0,""
"350190566","KRAKÓW-BALICE","2021","02","02",6.5,"",1.0,"",-2.1,"",4.6,"",86.5,"",978.1,"",1008.4,"",.0,"",2.2,""
"350190566","KRAKÓW-BALICE","2021","02","03",7.5,"",1.4,"",3.8,"",7.3,"",90.9,"",976.3,"",1005.9,"",.4,"",5.4,""
"350190566","KRAKÓW-BALICE","2021","02","04",7.5,"",6.9,"",4.4,"",7.3,"",87.0,"",979.9,"",1009.5,"",2.4,"",.4,""
"350190566","KRAKÓW-BALICE","2021","02","05",8.0,"",4.1,"",-.6,"",5.1,"",87.4,"",990.3,"",1020.7,"",.0,"",.1,""
"350190566","KRAKÓW-BALICE","2021","02","06",7.5,"",5.9,"",-2.5,"",3.9,"",76.0,"",988.9,"",1019.6,"",.0,"",.8,""
"350190566","KRAKÓW-BALICE","2021","02","07",8.0,"",8.3,"",-7.4,"",3.1,"",87.5,"",982.0,"",1013.0,"",.4,"",8.0,""
"350190566","KRAKÓW-BALICE","2021","02","08",8.0,"",4.0,"",-6.4,"",3.4,"",89.3,"",970.4,"",1000.9,"",1.4,"",.0,""
"350190566","KRAKÓW-BALICE","2021","02","09",6.3,"",2.1,"",-5.8,"",3.5,"",88.0,"",974.5,"",1005.1,"",.0,"",.0,""
"350190566","KRAKÓW-BALICE","2021","02","10",8.0,"",3.0,"",-4.3,"",3.9,"",87.3,"",978.3,"",1008.9,"",.7,"",.9,""
"350190566","KRAKÓW-BALICE","2021","02","11",6.5,"",4.6,"",-8.8,"",2.4,"",74.1,"",989.4,"",1020.8,"",.0,"",.1,""
"350190566","KRAKÓW-BALICE","2021","02","12",5.8,"",3.9,"",-10.9,"",2.1,"",76.6,"",999.3,"",1031.3,"",.2,"",.1,""
"350190566","KRAKÓW-BALICE","2021","02","13",7.3,"",4.8,"",-7.1,"",3.2,"",85.4,"",1003.5,"",1035.2,"",.3,"",.0,""
"350190566","KRAKÓW-BALICE","2021","02","14",4.0,"",6.3,"",-4.7,"",3.4,"",77.5,"",1006.8,"",1038.2,"",.0,"",.0,""
"350190566","KRAKÓW-BALICE","2021","02","15",5.5,"",4.0,"",-6.7,"",3.0,"",80.5,"",1005.7,"",1037.4,"",.0,"",.0,""
"350190566","KRAKÓW-BALICE","2021","02","16",7.6,"",1.8,"",-5.4,"",3.7,"",87.6,"",994.6,"",1025.8,"",.1,"",.0,""
"350190566","KRAKÓW-BALICE","2021","02","17",8.0,"",3.3,"",.4,"",5.8,"",91.5,"",986.2,"",1016.4,"",3.2,"",2.7,""
"350190566","KRAKÓW-BALICE","2021","02","18",8.0,"",3.6,"",1.3,"",6.5,"",97.5,"",991.8,"",1022.1,"",.0,"",.0,""
"350190566","KRAKÓW-BALICE","2021","02","19",7.5,"",2.3,"",.3,"",6.1,"",98.5,"",991.5,"",1021.9,"",.6,"",.0,""
"350190566","KRAKÓW-BALICE","2021","02","20",5.5,"",1.0,"",2.8,"",6.6,"",89.1,"",996.1,"",1026.3,"",.0,"",.0,""
"350190566","KRAKÓW-BALICE","2021","02","21",1.3,"",1.3,"",2.0,"",5.7,"",81.4,"",996.3,"",1026.7,"",.0,"",.0,""
"350190566","KRAKÓW-BALICE","2021","02","22",.1,"",1.9,"",3.0,"",6.3,"",83.0,"",996.7,"",1027.0,"",.0,"",.0,""
"350190566","KRAKÓW-BALICE","2021","02","23",4.3,"",2.1,"",3.0,"",6.8,"",89.3,"",1004.0,"",1034.5,"",.0,"",.0,""
"350190566","KRAKÓW-BALICE","2021","02","24",4.0,"",1.4,"",6.5,"",7.4,"",78.6,"",1005.7,"",1035.9,"",.0,"",.0,""
"350190566","KRAKÓW-BALICE","2021","02","25",.0,"",1.1,"",7.5,"",7.2,"",74.1,"",1001.3,"",1031.2,"",.0,"",.0,""
"350190566","KRAKÓW-BALICE","2021","02","26",2.8,"",3.3,"",7.9,"",7.8,"",75.5,"",997.1,"",1026.8,"",.0,"",5.0,""
"350190566","KRAKÓW-BALICE","2021","02","27",6.4,"",5.0,"",4.2,"",7.1,"",86.4,"",1001.9,"",1032.2,"",.0,"",.0,""
"350190566","KRAKÓW-BALICE","2021","02","28",4.4,"",4.8,"",3.8,"",6.3,"",79.3,"",1004.5,"",1034.9,"",.0,"",.0,""
"350190566","KRAKÓW-BALICE","2021","03","01",7.6,"",2.6,"",4.1,"",6.5,"",79.3,"",1005.3,"",1035.7,"",.0,"",.0,""
"350190566","KRAKÓW-BALICE","2021","03","02",2.9,"",3.1,"",4.2,"",6.2,"",78.8,"",1004.8,"",1035.1,"",.0,"",.0,""
"350190566","KRAKÓW-BALICE","2021","03","03",1.4,"",1.8,"",6.3,"",5.7,"",66.4,"",999.1,"",1029.1,"",.0,"",.0,""
"350190566","KRAKÓW-BALICE","2021","03","04",6.6,"",5.3,"",7.1,"",7.5,"",74.8,"",987.4,"",1016.9,"",.0,"",5.9,""
"350190566","KRAKÓW-BALICE","2021","03","05",6.4,"",3.0,"",.4,"",5.4,"",85.6,"",990.0,"",1020.3,"",1.3,"",.0,""
"350190566","KRAKÓW-BALICE","2021","03","06",2.0,"",3.8,"",-.9,"",4.3,"",75.5,"",1000.2,"",1031.0,"",.0,"",.0,""
"350190566","KRAKÓW-BALICE","2021","03","07",3.5,"",5.6,"",1.1,"",4.2,"",65.4,"",992.4,"",1022.8,"",.0,"",.0,""
"350190566","KRAKÓW-BALICE","2021","03","08",6.3,"",3.0,"",-.2,"",4.3,"",71.6,"",989.8,"",1020.2,"",.4,"",.0,""
"350190566","KRAKÓW-BALICE","2021","03","09",4.4,"",2.0,"",-2.3,"",3.6,"",71.9,"",992.3,"",1023.0,"",.0,"",.0,""
"350190566","KRAKÓW-BALICE","2021","03","10",1.5,"",2.3,"",-2.2,"",3.3,"",65.5,"",991.9,"",1022.6,"",.0,"",.0,""
"350190566","KRAKÓW-BALICE","2021","03","11",4.9,"",2.0,"",-.4,"",4.3,"",71.5,"",984.3,"",1014.5,"",.2,"",.7,""
"350190566","KRAKÓW-BALICE","2021","03","12",5.5,"",6.5,"",5.8,"",6.8,"",74.0,"",978.5,"",1007.9,"",2.7,"",.0,""
"350190566","KRAKÓW-BALICE","2021","03","13",4.6,"",4.4,"",5.4,"",5.6,"",65.1,"",978.0,"",1007.4,"",.0,"",.1,""
"350190566","KRAKÓW-BALICE","2021","03","14",6.4,"",5.8,"",6.5,"",6.5,"",66.9,"",976.4,"",1005.6,"",.0,"",.0,""
"350190566","KRAKÓW-BALICE","2021","03","15",5.5,"",1.1,"",2.9,"",5.5,"",75.3,"",979.8,"",1009.6,"",.1,"",.0,""
"350190566","KRAKÓW-BALICE","2021","03","16",4.4,"",2.9,"",1.7,"",5.8,"",84.1,"",982.2,"",1012.1,"",.0,"",.0,""
"350190566","KRAKÓW-BALICE","2021","03","17",7.0,"",5.0,"",3.2,"",5.7,"",74.9,"",986.8,"",1016.7,"",.0,"",.0,""
"350190566","KRAKÓW-BALICE","2021","03","18",4.3,"",3.5,"",1.7,"",4.5,"",66.3,"",988.9,"",1019.1,"",.0,"",.0,""
"350190566","KRAKÓW-BALICE","2021","03","19",6.3,"",1.5,"",-1.9,"",4.7,"",87.8,"",988.2,"",1018.7,"",.5,"",.0,""
"350190566","KRAKÓW-BALICE","2021","03","20",5.3,"",2.6,"",-2.0,"",3.3,"",63.6,"",993.8,"",1024.5,"",.0,"",.0,""
"350190566","KRAKÓW-BALICE","2021","03","21",6.1,"",4.5,"",-2.2,"",4.3,"",79.9,"",985.5,"",1016.0,"",.0,"",.2,""
"350190566","KRAKÓW-BALICE","2021","03","22",5.4,"",3.4,"",1.7,"",4.4,"",66.1,"",985.9,"",1016.0,"",.0,"",.0,""
"350190566","KRAKÓW-BALICE","2021","03","23",7.3,"",4.8,"",3.7,"",5.7,"",72.0,"",990.6,"",1020.6,"",.0,"",.0,""
"350190566","KRAKÓW-BALICE","2021","03","24",7.6,"",3.0,"",5.2,"",6.6,"",75.5,"",993.6,"",1023.5,"",.0,"",.0,""
"350190566","KRAKÓW-BALICE","2021","03","25",6.5,"",1.5,"",5.0,"",6.2,"",72.6,"",992.9,"",1022.8,"",.0,"",.0,""
"350190566","KRAKÓW-BALICE","2021","03","26",2.6,"",1.4,"",6.5,"",6.3,"",68.4,"",993.4,"",1023.1,"",.0,"",.0,""
"350190566","KRAKÓW-BALICE","2021","03","27",4.8,"",3.9,"",8.7,"",7.1,"",68.1,"",991.8,"",1021.3,"",.0,"",2.1,""
"350190566","KRAKÓW-BALICE","2021","03","28",4.9,"",3.9,"",5.5,"",5.9,"",66.6,"",1000.6,"",1030.7,"",.0,"",.0,""
"350190566","KRAKÓW-BALICE","2021","03","29",6.8,"",2.0,"",6.4,"",7.4,"",76.4,"",1002.1,"",1032.1,"",.3,"",3.5,""
"350190566","KRAKÓW-BALICE","2021","03","30",6.1,"",1.6,"",10.8,"",11.2,"",87.6,"",1001.0,"",1030.5,"",.2,"",.0,""
"350190566","KRAKÓW-BALICE","2021","03","31",2.5,"",1.1,"",12.8,"",10.4,"",74.0,"",996.0,"",1025.2,"",.0,"",.0,""
"350190566","KRAKÓW-BALICE","2021","04","01",4.6,"",3.1,"",14.2,"",9.2,"",62.3,"",986.3,"",1015.1,"",.4,"",2.6,""
"350190566","KRAKÓW-BALICE","2021","04","02",5.0,"",3.0,"",7.2,"",7.4,"",72.8,"",986.0,"",1015.5,"",.0,"",.0,""
"350190566","KRAKÓW-BALICE","2021","04","03",6.3,"",3.0,"",4.1,"",6.0,"",73.5,"",986.6,"",1016.4,"",.5,"",.0,""
"350190566","KRAKÓW-BALICE","2021","04","04",4.8,"",2.4,"",3.0,"",5.2,"",69.3,"",990.8,"",1020.9,"",.0,"",.0,""
"350190566","KRAKÓW-BALICE","2021","04","05",4.6,"",5.3,"",5.3,"",5.2,"",63.4,"",976.1,"",1005.5,"",.0,"",2.9,""
"350190566","KRAKÓW-BALICE","2021","04","06",5.8,"",4.9,"",.5,"",5.0,"",79.1,"",977.3,"",1007.2,"",.0,"",.0,""
"350190566","KRAKÓW-BALICE","2021","04","07",4.3,"",4.3,"",.4,"",5.0,"",79.5,"",980.5,"",1010.5,"",.6,"",1.0,""
"350190566","KRAKÓW-BALICE","2021","04","08",5.5,"",4.0,"",1.2,"",5.7,"",86.1,"",989.6,"",1019.8,"",.7,"",.0,""
"350190566","KRAKÓW-BALICE","2021","04","09",3.6,"",2.8,"",4.6,"",5.0,"",64.1,"",992.9,"",1022.9,"",.0,"",.0,""
"350190566","KRAKÓW-BALICE","2021","04","10",4.8,"",2.8,"",10.3,"",6.0,"",53.0,"",988.1,"",1017.3,"",.0,"",.0,""
"350190566","KRAKÓW-BALICE","2021","04","11",5.0,"",3.3,"",10.3,"",7.7,"",65.0,"",988.5,"",1017.7,"",3.1,"",.0,""
"350190566","KRAKÓW-BALICE","2021","04","12",5.0,"",3.0,"",9.9,"",8.7,"",73.0,"",988.8,"",1018.1,"",.0,"",4.9,""
"350190566","KRAKÓW-BALICE","2021","04","13",8.0,"",3.1,"",2.3,"",6.3,"",88.4,"",995.0,"",1025.3,"",1.9,"",9.5,""
"350190566","KRAKÓW-BALICE","2021","04","14",8.0,"",3.5,"",2.2,"",6.2,"",87.5,"",992.5,"",1022.7,"",.9,"",.5,""
"350190566","KRAKÓW-BALICE","2021","04","15",8.0,"",4.6,"",2.1,"",6.5,"",90.8,"",990.4,"",1020.6,"",2.5,"",2.4,""
"350190566","KRAKÓW-BALICE","2021","04","16",8.0,"",5.4,"",2.6,"",6.9,"",93.5,"",989.6,"",1019.7,"",4.1,"",4.0,""
"350190566","KRAKÓW-BALICE","2021","04","17",8.0,"",3.1,"",3.9,"",7.5,"",92.6,"",990.5,"",1020.4,"",.3,"",1.4,""
"350190566","KRAKÓW-BALICE","2021","04","18",7.5,"",1.8,"",6.4,"",8.0,"",84.8,"",990.2,"",1019.9,"",.0,"",1.3,""
"350190566","KRAKÓW-BALICE","2021","04","19",7.1,"",1.6,"",7.0,"",9.2,"",91.1,"",988.0,"",1017.5,"",2.0,"",1.3,""
"350190566","KRAKÓW-BALICE","2021","04","20",4.8,"",1.8,"",8.7,"",8.9,"",81.0,"",985.3,"",1014.6,"",4.2,"",.0,""
"350190566","KRAKÓW-BALICE","2021","04","21",6.5,"",3.5,"",9.9,"",9.0,"",75.4,"",984.9,"",1014.0,"",.4,"",.7,""
"350190566","KRAKÓW-BALICE","2021","04","22",5.1,"",4.0,"",7.6,"",7.1,"",68.9,"",987.5,"",1016.9,"",1.7,"",.0,""
"350190566","KRAKÓW-BALICE","2021","04","23",4.8,"",3.9,"",4.7,"",6.6,"",77.1,"",993.6,"",1023.6,"",2.0,"",.1,""
"350190566","KRAKÓW-BALICE","2021","04","24",6.0,"",3.6,"",7.8,"",6.3,"",61.4,"",993.8,"",1023.4,"",.0,"",.0,""
"350190566","KRAKÓW-BALICE","2021","04","25",5.3,"",3.8,"",6.6,"",5.3,"",55.3,"",991.2,"",1020.9,"",.0,"",.0,""
"350190566","KRAKÓW-BALICE","2021","04","26",3.1,"",3.3,"",4.2,"",4.1,"",53.4,"",990.3,"",1020.2,"",.0,"",.0,""
"350190566","KRAKÓW-BALICE","2021","04","27",1.4,"",3.1,"",5.7,"",4.2,"",47.9,"",987.0,"",1016.6,"",.0,"",.0,""
"350190566","KRAKÓW-BALICE","2021","04","28",1.4,"",3.9,"",8.7,"",4.9,"",46.0,"",983.0,"",1012.2,"",.0,"",.0,""
"350190566","KRAKÓW-BALICE","2021","04","29",5.1,"",2.3,"",11.9,"",8.6,"",61.5,"",978.8,"",1007.6,"",.0,"",3.4,""
"350190566","KRAKÓW-BALICE","2021","04","30",6.1,"",3.1,"",13.7,"",10.0,"",66.5,"",981.5,"",1010.2,"",.0,"",4.2,""
"350190566","KRAKÓW-BALICE","2021","05","01",7.1,"",2.4,"",9.8,"",10.0,"",81.5,"",983.5,"",1012.6,"",.2,"",4.2,""
"350190566","KRAKÓW-BALICE","2021","05","02",7.9,"",7.4,"",9.6,"",10.5,"",86.8,"",977.7,"",1006.7,"",7.0,"",.0,""
"350190566","KRAKÓW-BALICE","2021","05","03",5.9,"",6.6,"",7.1,"",6.5,"",64.8,"",988.6,"",1018.1,"",.0,"",.0,""
"350190566","KRAKÓW-BALICE","2021","05","04",4.4,"",3.4,"",10.6,"",6.6,"",56.0,"",983.3,"",1012.4,"",.0,"",.0,""
"350190566","KRAKÓW-BALICE","2021","05","05",7.3,"",4.0,"",12.6,"",8.9,"",62.5,"",975.6,"",1004.2,"",.8,"",.0,""
"350190566","KRAKÓW-BALICE","2021","05","06",4.4,"",5.9,"",9.4,"",6.8,"",58.9,"",981.5,"",1010.6,"",.0,"",2.0,""
"350190566","KRAKÓW-BALICE","2021","05","07",6.9,"",5.4,"",9.7,"",9.0,"",74.5,"",979.2,"",1008.2,"",1.1,"",.0,""
"350190566","KRAKÓW-BALICE","2021","05","08",4.1,"",3.9,"",7.5,"",6.3,"",63.3,"",990.9,"",1020.5,"",.0,"",.0,""
"350190566","KRAKÓW-BALICE","2021","05","09",4.1,"",2.0,"",12.8,"",7.9,"",58.0,"",990.0,"",1019.1,"",.0,"",.0,""
"350190566","KRAKÓW-BALICE","2021","05","10",2.5,"",2.9,"",17.2,"",9.6,"",53.1,"",986.5,"",1015.0,"",.0,"",.0,""
"350190566","KRAKÓW-BALICE","2021","05","11",1.1,"",3.8,"",19.6,"",11.8,"",55.9,"",983.0,"",1011.1,"",.0,"",.0,""
"350190566","KRAKÓW-BALICE","2021","05","12",1.1,"",4.3,"",19.5,"",12.2,"",57.0,"",977.4,"",1005.3,"",.0,"",.0,""
"350190566","KRAKÓW-BALICE","2021","05","13",6.0,"",2.5,"",15.1,"",13.1,"",77.0,"",972.5,"",1000.7,"",.2,"",1.9,""
"350190566","KRAKÓW-BALICE","2021","05","14",7.3,"",4.9,"",13.4,"",13.1,"",85.4,"",975.9,"",1004.4,"",.0,"",.0,""
"350190566","KRAKÓW-BALICE","2021","05","15",6.1,"",2.9,"",14.2,"",11.2,"",72.6,"",981.0,"",1009.6,"",8.1,"",.0,""
"350190566","KRAKÓW-BALICE","2021","05","16",5.9,"",2.8,"",12.7,"",12.1,"",83.4,"",978.0,"",1006.7,"",.0,"",.0,""
"350190566","KRAKÓW-BALICE","2021","05","17",6.5,"",2.4,"",11.6,"",12.0,"",88.5,"",976.2,"",1004.9,"",4.4,"",18.7,""
"350190566","KRAKÓW-BALICE","2021","05","18",7.6,"",4.5,"",11.4,"",11.6,"",86.5,"",979.4,"",1008.2,"",2.6,"",.0,""
"350190566","KRAKÓW-BALICE","2021","05","19",6.3,"",3.1,"",11.8,"",10.4,"",76.4,"",983.6,"",1012.5,"",.0,"",.0,""
"350190566","KRAKÓW-BALICE","2021","05","20",4.3,"",3.9,"",13.1,"",8.8,"",60.4,"",986.9,"",1015.7,"",.0,"",.0,""
"350190566","KRAKÓW-BALICE","2021","05","21",4.3,"",3.0,"",13.5,"",9.4,"",64.1,"",985.3,"",1014.1,"",.0,"",.0,""
"350190566","KRAKÓW-BALICE","2021","05","22",5.8,"",3.6,"",12.6,"",11.2,"",77.5,"",981.4,"",1010.1,"",3.5,"",1.8,""
"350190566","KRAKÓW-BALICE","2021","05","23",5.8,"",2.0,"",11.5,"",10.5,"",79.4,"",986.8,"",1015.9,"",1.2,"",.0,""
"350190566","KRAKÓW-BALICE","2021","05","24",4.5,"",2.4,"",13.8,"",10.2,"",67.1,"",991.4,"",1020.4,"",.0,"",6.2,""
"350190566","KRAKÓW-BALICE","2021","05","25",7.5,"",3.4,"",11.7,"",11.8,"",85.9,"",987.0,"",1016.0,"",.0,"",.0,""
"350190566","KRAKÓW-BALICE","2021","05","26",3.5,"",3.3,"",13.2,"",8.2,"",58.3,"",988.9,"",1017.9,"",.0,"",.0,""
"350190566","KRAKÓW-BALICE","2021","05","27",5.6,"",4.3,"",14.3,"",9.8,"",61.3,"",987.3,"",1016.1,"",.0,"",.0,""
"350190566","KRAKÓW-BALICE","2021","05","28",5.6,"",3.0,"",13.0,"",9.8,"",66.4,"",990.2,"",1019.1,"",.0,"",.9,""
"350190566","KRAKÓW-BALICE","2021","05","29",6.6,"",3.5,"",10.4,"",10.4,"",83.0,"",990.9,"",1020.2,"",11.5,"",.0,""
"350190566","KRAKÓW-BALICE","2021","05","30",6.1,"",3.1,"",12.1,"",10.2,"",74.3,"",992.4,"",1021.5,"",.0,"",.1,""
"350190566","KRAKÓW-BALICE","2021","05","31",3.9,"",3.3,"",13.1,"",9.1,"",62.5,"",991.8,"",1020.8,"",.0,"",.0,""
"350190566","KRAKÓW-BALICE","2021","06","01",4.1,"",1.3,"",12.5,"",8.2,"",60.1,"",990.6,"",1019.7,"",.0,"",.0,""
"350190566","KRAKÓW-BALICE","2021","06","02",2.3,"",3.3,"",13.9,"",8.6,"",58.0,"",993.6,"",1022.6,"",.0,"",.0,""
"350190566","KRAKÓW-BALICE","2021","06","03",2.8,"",2.0,"",15.4,"",9.1,"",56.6,"",996.4,"",1025.3,"",.0,"",.0,""
"350190566","KRAKÓW-BALICE","2021","06","04",3.1,"",1.6,"",17.4,"",10.6,"",57.1,"",995.6,"",1024.4,"",.0,"",.6,""
"350190566","KRAKÓW-BALICE","2021","06","05",5.5,"",2.4,"",16.8,"",14.1,"",74.3,"",991.7,"",1020.3,"",.7,"",.0,""
"350190566","KRAKÓW-BALICE","2021","06","06",1.3,"",1.8,"",17.9,"",12.6,"",66.0,"",990.7,"",1019.2,"",.0,"",.0,""
"350190566","KRAKÓW-BALICE","2021","06","07",1.9,"",2.0,"",19.1,"",11.5,"",56.9,"",990.8,"",1019.2,"",.0,"",.0,""
"350190566","KRAKÓW-BALICE","2021","06","08",1.5,"",2.3,"",19.5,"",12.0,"",56.3,"",990.1,"",1018.5,"",.0,"",.0,""
"350190566","KRAKÓW-BALICE","2021","06","09",3.1,"",2.3,"",19.9,"",13.8,"",60.6,"",989.9,"",1018.2,"",.0,"",.0,""
"350190566","KRAKÓW-BALICE","2021","06","10",2.5,"",2.4,"",18.9,"",12.5,"",59.5,"",989.9,"",1018.3,"",.0,"",.0,""
"350190566","KRAKÓW-BALICE","2021","06","11",3.4,"",3.0,"",17.1,"",14.3,"",75.1,"",988.5,"",1017.0,"",.7,"",.0,""
"350190566","KRAKÓW-BALICE","2021","06","12",4.5,"",3.1,"",17.8,"",16.0,"",79.9,"",985.9,"",1014.3,"",1.7,"",9.4,""
"350190566","KRAKÓW-BALICE","2021","06","13",4.6,"",6.8,"",14.3,"",11.2,"",70.0,"",990.5,"",1019.4,"",.0,"",.0,""
"350190566","KRAKÓW-BALICE","2021","06","14",2.0,"",3.0,"",15.9,"",10.5,"",60.8,"",993.0,"",1021.8,"",.0,"",.0,""
"350190566","KRAKÓW-BALICE","2021","06","15",3.9,"",1.6,"",17.8,"",11.7,"",61.5,"",990.7,"",1019.3,"",.0,"",.0,""
"350190566","KRAKÓW-BALICE","2021","06","16",1.4,"",2.0,"",20.2,"",13.8,"",62.1,"",990.3,"",1018.6,"",.0,"",.0,""
"350190566","KRAKÓW-BALICE","2021","06","17",2.1,"",4.1,"",22.0,"",15.1,"",60.8,"",991.4,"",1019.6,"",.0,"",.0,""
"350190566","KRAKÓW-BALICE","2021","06","18",.4,"",3.0,"",23.4,"",15.4,"",56.6,"",990.7,"",1018.6,"",.0,"",.0,""
"350190566","KRAKÓW-BALICE","2021","06","19",.4,"",4.3,"",24.4,"",17.4,"",59.3,"",988.4,"",1016.2,"",.0,"",.0,""
"350190566","KRAKÓW-BALICE","2021","06","20",1.1,"",4.4,"",24.1,"",17.5,"",61.6,"",985.1,"",1012.9,"",.0,"",.0,""
"350190566","KRAKÓW-BALICE","2021","06","21",1.9,"",3.5,"",25.2,"",19.2,"",62.5,"",981.1,"",1008.6,"",.0,"",.0,""
"350190566","KRAKÓW-BALICE","2021","06","22",4.5,"",2.5,"",23.5,"",21.2,"",75.9,"",982.1,"",1009.8,"",19.1,"",.0,""
"350190566","KRAKÓW-BALICE","2021","06","23",6.8,"",2.6,"",22.5,"",22.7,"",84.1,"",989.0,"",1017.0,"",.0,"",.0,""
"350190566","KRAKÓW-BALICE","2021","06","24",5.6,"",3.5,"",24.0,"",23.0,"",78.5,"",987.4,"",1015.2,"",9.1,"",16.8,""
"350190566","KRAKÓW-BALICE","2021","06","25",6.4,"",2.3,"",19.3,"",18.9,"",84.9,"",987.6,"",1015.9,"",.0,"",.0,""
"350190566","KRAKÓW-BALICE","2021","06","26",5.9,"",2.4,"",19.4,"",18.5,"",82.9,"",989.2,"",1017.5,"",10.2,"",.0,""
"350190566","KRAKÓW-BALICE","2021","06","27",4.6,"",1.6,"",19.4,"",17.2,"",78.4,"",989.3,"",1017.6,"",.0,"",.0,""
"350190566","KRAKÓW-BALICE","2021","06","28",3.1,"",1.3,"",21.4,"",16.6,"",68.8,"",989.1,"",1017.2,"",.0,"",.0,""
"350190566","KRAKÓW-BALICE","2021","06","29",3.1,"",3.8,"",22.3,"",18.5,"",70.4,"",984.8,"",1012.7,"",2.5,"",2.7,""
"350190566","KRAKÓW-BALICE","2021","06","30",3.3,"",4.4,"",21.9,"",18.5,"",71.6,"",981.1,"",1008.9,"",.0,"",.0,""
"350190566","KRAKÓW-BALICE","2021","07","01",5.9,"",2.5,"",18.6,"",17.1,"",80.6,"",983.1,"",1011.3,"",.0,"",.0,""
"350190566","KRAKÓW-BALICE","2021","07","02",6.9,"",3.1,"",18.2,"",16.3,"",78.8,"",985.3,"",1013.6,"",.0,"",.0,""
"350190566","KRAKÓW-BALICE","2021","07","03",6.9,"",3.8,"",18.0,"",16.8,"",81.8,"",985.4,"",1013.7,"",.4,"",.0,""
"350190566","KRAKÓW-BALICE","2021","07","04",1.8,"",2.0,"",19.9,"",15.0,"",67.9,"",983.7,"",1011.8,"",.0,"",.0,""
"350190566","KRAKÓW-BALICE","2021","07","05",3.0,"",2.0,"",20.8,"",15.1,"",64.4,"",983.0,"",1010.9,"",.0,"",.0,""
"350190566","KRAKÓW-BALICE","2021","07","06",.8,"",2.0,"",22.7,"",17.4,"",65.9,"",985.8,"",1013.7,"",.0,"",.0,""
"350190566","KRAKÓW-BALICE","2021","07","07",1.1,"",2.0,"",25.4,"",19.0,"",61.9,"",987.6,"",1015.3,"",.0,"",.0,""
"350190566","KRAKÓW-BALICE","2021","07","08",2.4,"",3.5,"",24.9,"",21.6,"",70.1,"",991.0,"",1018.8,"",.0,"",.0,""
"350190566","KRAKÓW-BALICE","2021","07","09",4.9,"",2.9,"",23.9,"",22.2,"",76.3,"",987.9,"",1015.8,"",9.4,"",4.5,""
"350190566","KRAKÓW-BALICE","2021","07","10",3.6,"",2.8,"",20.5,"",15.9,"",67.4,"",990.6,"",1018.9,"",.0,"",.0,""
"350190566","KRAKÓW-BALICE","2021","07","11",4.5,"",4.3,"",20.1,"",19.2,"",82.1,"",989.0,"",1017.2,"",3.3,"",3.1,""
"350190566","KRAKÓW-BALICE","2021","07","12",5.4,"",2.8,"",18.4,"",19.4,"",91.9,"",987.0,"",1015.4,"",10.3,"",.0,""
"350190566","KRAKÓW-BALICE","2021","07","13",1.8,"",3.3,"",22.8,"",21.2,"",78.4,"",983.3,"",1011.1,"",.0,"",.0,""
"350190566","KRAKÓW-BALICE","2021","07","14",5.1,"",2.6,"",25.1,"",22.5,"",73.3,"",982.7,"",1010.3,"",.0,"",22.0,""
"350190566","KRAKÓW-BALICE","2021","07","15",6.6,"",3.9,"",21.3,"",22.3,"",88.5,"",984.6,"",1012.6,"",27.9,"",.0,""
"350190566","KRAKÓW-BALICE","2021","07","16",6.3,"",2.1,"",23.1,"",22.8,"",81.5,"",986.1,"",1014.0,"",.0,"",6.3,""
"350190566","KRAKÓW-BALICE","2021","07","17",4.9,"",1.6,"",23.2,"",22.7,"",81.1,"",986.2,"",1014.1,"",1.8,"",16.0,""
"350190566","KRAKÓW-BALICE","2021","07","18",6.5,"",2.6,"",22.2,"",23.6,"",88.9,"",986.0,"",1014.0,"",1.9,"",.0,""
"350190566","KRAKÓW-BALICE","2021","07","19",4.6,"",3.0,"",21.7,"",17.6,"",69.6,"",986.9,"",1015.0,"",.0,"",2.4,""
"350190566","KRAKÓW-BALICE","2021","07","20",7.6,"",2.4,"",17.1,"",17.1,"",88.4,"",988.3,"",1016.8,"",.8,"",.2,""
"350190566","KRAKÓW-BALICE","2021","07","21",5.1,"",3.4,"",18.9,"",14.9,"",69.9,"",991.8,"",1020.2,"",.0,"",.0,""
"350190566","KRAKÓW-BALICE","2021","07","22",7.0,"",2.4,"",19.0,"",15.6,"",71.5,"",992.8,"",1021.3,"",.0,"",.0,""
"350190566","KRAKÓW-BALICE","2021","07","23",6.0,"",1.9,"",20.4,"",15.6,"",67.5,"",989.4,"",1017.6,"",.0,"",.0,""
"350190566","KRAKÓW-BALICE","2021","07","24",2.3,"",2.0,"",21.9,"",17.0,"",67.0,"",986.8,"",1014.8,"",.0,"",.0,""
"350190566","KRAKÓW-BALICE","2021","07","25",4.8,"",2.5,"",20.7,"",18.3,"",76.3,"",985.5,"",1013.6,"",2.0,"",6.8,""
"350190566","KRAKÓW-BALICE","2021","07","26",4.6,"",2.9,"",22.8,"",20.6,"",75.9,"",984.7,"",1012.5,"",.0,"",20.6,""
"350190566","KRAKÓW-BALICE","2021","07","27",4.8,"",2.8,"",22.9,"",22.0,"",80.3,"",986.2,"",1014.1,"",.0,"",.0,""
"350190566","KRAKÓW-BALICE","2021","07","28",4.0,"",2.5,"",24.1,"",21.0,"",72.8,"",984.1,"",1011.9,"",.0,"",2.9,""
"350190566","KRAKÓW-BALICE","2021","07","29",2.9,"",3.4,"",22.1,"",18.9,"",72.6,"",985.1,"",1013.0,"",.0,"",.0,""
"350190566","KRAKÓW-BALICE","2021","07","30",.9,"",2.8,"",22.0,"",17.1,"",67.3,"",983.0,"",1010.9,"",.0,"",.0,""
"350190566","KRAKÓW-BALICE","2021","07","31",4.0,"",1.6,"",20.8,"",19.5,"",80.8,"",981.1,"",1009.0,"",.1,"",.0,""
"350190566","KRAKÓW-BALICE","2021","08","01",6.9,"",1.9,"",19.4,"",19.4,"",87.3,"",979.7,"",1007.7,"",3.4,"",7.0,""
"350190566","KRAKÓW-BALICE","2021","08","02",6.0,"",4.6,"",16.6,"",15.8,"",84.8,"",983.8,"",1012.3,"",.4,"",.0,""
"350190566","KRAKÓW-BALICE","2021","08","03",3.8,"",2.0,"",17.7,"",14.8,"",75.5,"",987.1,"",1015.5,"",.0,"",.5,""
"350190566","KRAKÓW-BALICE","2021","08","04",6.8,"",1.9,"",18.9,"",16.2,"",76.1,"",985.9,"",1014.2,"",.0,"",8.2,""
"350190566","KRAKÓW-BALICE","2021","08","05",7.9,"",4.6,"",16.6,"",17.9,"",95.1,"",978.8,"",1007.1,"",20.6,"",19.4,""
"350190566","KRAKÓW-BALICE","2021","08","06",5.5,"",6.0,"",15.5,"",14.5,"",83.1,"",976.1,"",1004.5,"",.6,"",.0,""
"350190566","KRAKÓW-BALICE","2021","08","07",1.3,"",2.5,"",18.8,"",15.4,"",73.4,"",981.1,"",1009.3,"",.0,"",.0,""
"350190566","KRAKÓW-BALICE","2021","08","08",5.6,"",3.3,"",19.8,"",17.7,"",77.9,"",984.9,"",1013.0,"",.0,"",18.3,""
"350190566","KRAKÓW-BALICE","2021","08","09",3.0,"",1.0,"",20.0,"",17.2,"",75.9,"",991.6,"",1020.0,"",.0,"",.0,""
"350190566","KRAKÓW-BALICE","2021","08","10",4.1,"",1.0,"",21.4,"",18.0,"",73.0,"",990.0,"",1018.1,"",.0,"",2.6,""
"350190566","KRAKÓW-BALICE","2021","08","11",2.9,"",2.5,"",20.1,"",16.6,"",72.5,"",990.2,"",1018.5,"",.0,"",.0,""
"350190566","KRAKÓW-BALICE","2021","08","12",3.1,"",1.3,"",18.6,"",14.3,"",69.4,"",994.4,"",1022.9,"",.0,"",.0,""
"350190566","KRAKÓW-BALICE","2021","08","13",2.3,"",1.1,"",20.2,"",16.3,"",71.9,"",994.6,"",1023.0,"",.0,"",.0,""
"350190566","KRAKÓW-BALICE","2021","08","14",4.1,"",2.1,"",23.2,"",20.7,"",74.6,"",991.5,"",1019.5,"",.0,"",.0,""
"350190566","KRAKÓW-BALICE","2021","08","15",1.5,"",1.8,"",24.0,"",20.4,"",71.0,"",986.8,"",1014.5,"",.0,"",.0,""
"350190566","KRAKÓW-BALICE","2021","08","16",6.4,"",2.4,"",23.6,"",20.8,"",73.6,"",981.5,"",1009.2,"",.0,"",15.3,""
"350190566","KRAKÓW-BALICE","2021","08","17",6.5,"",4.4,"",15.6,"",14.9,"",84.0,"",985.4,"",1014.0,"",.7,"",.0,""
"350190566","KRAKÓW-BALICE","2021","08","18",4.5,"",3.4,"",15.4,"",12.5,"",73.0,"",987.2,"",1015.8,"",.0,"",.0,""
"350190566","KRAKÓW-BALICE","2021","08","19",5.4,"",2.9,"",17.3,"",14.2,"",73.6,"",986.8,"",1015.2,"",.0,"",.0,""
"350190566","KRAKÓW-BALICE","2021","08","20",6.8,"",1.3,"",19.3,"",16.7,"",75.8,"",988.8,"",1017.1,"",.0,"",.0,""
"350190566","KRAKÓW-BALICE","2021","08","21",3.5,"",1.8,"",18.7,"",15.9,"",75.6,"",991.6,"",1020.0,"",.0,"",.0,""
"350190566","KRAKÓW-BALICE","2021","08","22",4.0,"",1.5,"",19.2,"",15.4,"",71.9,"",990.1,"",1018.4,"",.0,"",8.2,""
"350190566","KRAKÓW-BALICE","2021","08","23",7.4,"",2.3,"",17.9,"",18.7,"",91.6,"",987.9,"",1016.3,"",8.4,"",.2,""
"350190566","KRAKÓW-BALICE","2021","08","24",7.5,"",2.4,"",14.2,"",15.2,"",93.4,"",991.0,"",1019.9,"",6.9,"",.0,""
"350190566","KRAKÓW-BALICE","2021","08","25",3.4,"",1.5,"",12.4,"",10.9,"",77.6,"",990.1,"",1019.2,"",.0,"",.0,""
"350190566","KRAKÓW-BALICE","2021","08","26",6.5,"",2.0,"",12.2,"",12.7,"",89.4,"",980.5,"",1009.3,"",.5,"",.1,""
"350190566","KRAKÓW-BALICE","2021","08","27",7.0,"",1.4,"",13.6,"",13.9,"",89.6,"",983.4,"",1012.1,"",1.5,"",.0,""
"350190566","KRAKÓW-BALICE","2021","08","28",3.5,"",.8,"",13.8,"",12.5,"",80.8,"",986.2,"",1014.9,"",.0,"",.0,""
"350190566","KRAKÓW-BALICE","2021","08","29",7.3,"",2.0,"",14.6,"",14.2,"",85.9,"",984.9,"",1013.6,"",.1,"",17.0,""
"350190566","KRAKÓW-BALICE","2021","08","30",7.9,"",2.8,"",13.5,"",14.4,"",93.4,"",983.7,"",1012.4,"",9.3,"",11.6,""
"350190566","KRAKÓW-BALICE","2021","08","31",7.9,"",5.3,"",14.3,"",15.4,"",94.8,"",982.5,"",1011.1,"",23.0,"",8.2,""
"350190566","KRAKÓW-BALICE","2021","09","01",7.4,"",4.4,"",14.5,"",14.4,"",87.6,"",990.3,"",1019.1,"",.0,"",.0,""
"350190566","KRAKÓW-BALICE","2021","09","02",5.1,"",3.0,"",14.9,"",13.6,"",81.0,"",995.2,"",1024.1,"",.0,"",.0,""
"350190566","KRAKÓW-BALICE","2021","09","03",1.5,"",2.8,"",15.9,"",14.2,"",80.4,"",992.0,"",1020.7,"",.0,"",.0,""
"350190566","KRAKÓW-BALICE","2021","09","04",3.0,"",2.1,"",15.0,"",13.9,"",81.6,"",990.3,"",1019.1,"",.0,"",.0,""
"350190566","KRAKÓW-BALICE","2021","09","05",1.9,"",4.0,"",12.7,"",9.8,"",69.0,"",996.2,"",1025.4,"",.0,"",.0,""
"350190566","KRAKÓW-BALICE","2021","09","06",1.1,"",2.6,"",11.9,"",9.8,"",73.3,"",997.8,"",1027.1,"",.0,"",.0,""
"350190566","KRAKÓW-BALICE","2021","09","07",4.0,"",1.5,"",14.2,"",12.1,"",76.9,"",996.2,"",1025.3,"",.0,"",.0,""
"350190566","KRAKÓW-BALICE","2021","09","08",2.4,"",.8,"",16.8,"",13.5,"",74.3,"",995.4,"",1024.1,"",.0,"",.0,""
"350190566","KRAKÓW-BALICE","2021","09","09",.0,"",.8,"",16.7,"",12.9,"",73.0,"",991.5,"",1020.1,"",.0,"",.0,""
"350190566","KRAKÓW-BALICE","2021","09","10",.5,"",.9,"",16.4,"",12.5,"",72.0,"",990.2,"",1018.8,"",.0,"",.0,""
"350190566","KRAKÓW-BALICE","2021","09","11",2.3,"",1.1,"",16.9,"",13.0,"",72.0,"",989.5,"",1018.1,"",.0,"",.0,""
"350190566","KRAKÓW-BALICE","2021","09","12",3.5,"",1.8,"",17.9,"",16.1,"",79.5,"",988.6,"",1017.1,"",.0,"",.0,""
"350190566","KRAKÓW-BALICE","2021","09","13",6.1,"",1.5,"",17.6,"",17.1,"",86.1,"",989.1,"",1017.6,"",.0,"",.0,""
"350190566","KRAKÓW-BALICE","2021","09","14",2.6,"",1.5,"",16.7,"",14.9,"",80.3,"",990.8,"",1019.4,"",.0,"",.0,""
"350190566","KRAKÓW-BALICE","2021","09","15",2.6,"",2.3,"",16.7,"",15.0,"",80.3,"",988.7,"",1017.2,"",.0,"",.0,""
"350190566","KRAKÓW-BALICE","2021","09","16",7.0,"",1.1,"",18.8,"",18.6,"",86.5,"",984.9,"",1013.1,"",.0,"",12.2,""
"350190566","KRAKÓW-BALICE","2021","09","17",7.5,"",3.0,"",15.2,"",16.4,"",94.9,"",983.2,"",1011.7,"",13.8,"",.0,""
"350190566","KRAKÓW-BALICE","2021","09","18",7.8,"",4.8,"",13.2,"",13.1,"",86.8,"",983.8,"",1012.5,"",.1,"",2.6,""
"350190566","KRAKÓW-BALICE","2021","09","19",7.9,"",4.3,"",10.4,"",10.9,"",86.6,"",986.3,"",1015.4,"",.0,"",.0,""
"350190566","KRAKÓW-BALICE","2021","09","20",7.6,"",3.1,"",9.7,"",10.2,"",84.5,"",990.1,"",1019.4,"",.3,"",.9,""
"350190566","KRAKÓW-BALICE","2021","09","21",6.0,"",3.5,"",9.4,"",10.1,"",86.4,"",996.1,"",1025.7,"",.2,"",5.2,""
"350190566","KRAKÓW-BALICE","2021","09","22",7.6,"",2.6,"",9.7,"",10.6,"",88.0,"",994.3,"",1023.7,"",.2,"",.0,""
"350190566","KRAKÓW-BALICE","2021","09","23",7.5,"",4.4,"",12.7,"",11.9,"",81.9,"",988.6,"",1017.6,"",.0,"",.2,""
"350190566","KRAKÓW-BALICE","2021","09","24",7.3,"",7.5,"",14.0,"",11.5,"",72.0,"",983.3,"",1012.0,"",.0,"",.0,""
"350190566","KRAKÓW-BALICE","2021","09","25",7.8,"",3.1,"",16.1,"",14.8,"",80.8,"",989.5,"",1018.2,"",.0,"",.0,""
"350190566","KRAKÓW-BALICE","2021","09","26",3.9,"",2.6,"",17.0,"",16.2,"",85.1,"",992.4,"",1021.0,"",.0,"",.0,""
"350190566","KRAKÓW-BALICE","2021","09","27",5.9,"",4.3,"",15.5,"",15.6,"",89.4,"",990.8,"",1019.6,"",.0,"",.0,""
"350190566","KRAKÓW-BALICE","2021","09","28",3.4,"",3.4,"",11.6,"",11.5,"",84.8,"",993.5,"",1022.7,"",.0,"",.0,""
"350190566","KRAKÓW-BALICE","2021","09","29",5.3,"",3.4,"",10.8,"",11.7,"",89.6,"",992.9,"",1022.2,"",.0,"",4.2,""
"350190566","KRAKÓW-BALICE","2021","09","30",6.4,"",2.0,"",12.2,"",12.9,"",90.9,"",997.6,"",1026.9,"",.0,"",.0,""
"350190566","KRAKÓW-BALICE","2021","10","01",5.4,"",2.6,"",9.6,"",10.9,"",91.3,"",998.2,"",1027.8,"",.0,"",.0,""
"350190566","KRAKÓW-BALICE","2021","10","02",2.8,"",2.3,"",12.1,"",11.2,"",82.1,"",992.2,"",1021.4,"",.0,"",.0,""
"350190566","KRAKÓW-BALICE","2021","10","03",1.8,"",1.9,"",12.4,"",10.9,"",78.5,"",989.3,"",1018.3,"",.0,"",.0,""
"350190566","KRAKÓW-BALICE","2021","10","04",2.6,"",1.5,"",14.9,"",13.4,"",80.8,"",989.6,"",1018.4,"",.0,"",.0,""
"350190566","KRAKÓW-BALICE","2021","10","05",1.4,"",3.1,"",16.0,"",13.5,"",76.8,"",988.1,"",1016.7,"",.0,"",1.5,""
"350190566","KRAKÓW-BALICE","2021","10","06",7.9,"",2.1,"",12.3,"",13.5,"",94.4,"",990.5,"",1019.5,"",7.1,"",.3,""
"350190566","KRAKÓW-BALICE","2021","10","07",6.1,"",3.1,"",11.5,"",11.6,"",85.0,"",997.0,"",1026.4,"",.0,"",.0,""
"350190566","KRAKÓW-BALICE","2021","10","08",.0,"",5.1,"",7.2,"",6.7,"",68.8,"",1002.1,"",1032.0,"",.0,"",.0,""
"350190566","KRAKÓW-BALICE","2021","10","09",.0,"",4.4,"",5.7,"",6.1,"",69.4,"",1003.7,"",1033.8,"",.0,"",.0,""
"350190566","KRAKÓW-BALICE","2021","10","10",2.8,"",3.6,"",4.9,"",6.2,"",73.5,"",999.7,"",1029.8,"",.0,"",.0,""
"350190566","KRAKÓW-BALICE","2021","10","11",3.4,"",2.0,"",5.9,"",7.2,"",78.9,"",992.7,"",1022.5,"",.0,"",.6,""
"350190566","KRAKÓW-BALICE","2021","10","12",5.8,"",2.6,"",8.3,"",9.1,"",84.1,"",986.3,"",1015.7,"",.0,"",2.7,""
"350190566","KRAKÓW-BALICE","2021","10","13",7.1,"",2.8,"",6.3,"",8.5,"",89.1,"",989.2,"",1018.9,"",1.9,"",.0,""
"350190566","KRAKÓW-BALICE","2021","10","14",6.3,"",3.0,"",6.9,"",7.9,"",80.9,"",994.2,"",1023.9,"",.0,"",.0,""
"350190566","KRAKÓW-BALICE","2021","10","15",6.9,"",2.8,"",9.7,"",9.3,"",78.0,"",989.6,"",1018.9,"",.0,"",.1,""
"350190566","KRAKÓW-BALICE","2021","10","16",6.5,"",2.6,"",8.4,"",9.4,"",85.0,"",992.4,"",1021.9,"",.0,"",.0,""
"350190566","KRAKÓW-BALICE","2021","10","17",6.4,"",1.0,"",7.1,"",7.8,"",79.5,"",993.4,"",1023.1,"",.0,"",.2,""
"350190566","KRAKÓW-BALICE","2021","10","18",6.8,"",3.0,"",7.4,"",9.7,"",93.3,"",996.2,"",1025.9,"",.2,"",.0,""
"350190566","KRAKÓW-BALICE","2021","10","19",3.9,"",1.8,"",9.7,"",9.5,"",80.5,"",996.3,"",1025.8,"",.0,"",.0,""
"350190566","KRAKÓW-BALICE","2021","10","20",5.9,"",2.4,"",13.6,"",10.9,"",71.8,"",987.2,"",1016.0,"",.0,"",.0,""
"350190566","KRAKÓW-BALICE","2021","10","21",4.9,"",5.0,"",12.7,"",9.8,"",68.0,"",977.1,"",1005.8,"",.0,"",.0,""
"350190566","KRAKÓW-BALICE","2021","10","22",2.0,"",8.3,"",10.2,"",6.7,"",54.4,"",984.1,"",1013.2,"",.0,"",.0,""
"350190566","KRAKÓW-BALICE","2021","10","23",3.1,"",6.1,"",6.2,"",7.1,"",75.6,"",994.1,"",1023.9,"",1.3,"",.0,""
"350190566","KRAKÓW-BALICE","2021","10","24",2.1,"",2.1,"",5.2,"",7.0,"",81.0,"",1002.9,"",1033.1,"",.0,"",.0,""
"350190566","KRAKÓW-BALICE","2021","10","25",.5,"",1.4,"",4.6,"",6.4,"",78.3,"",997.5,"",1027.6,"",.0,"",.0,""
"350190566","KRAKÓW-BALICE","2021","10","26",4.8,"",1.3,"",5.4,"",6.9,"",78.4,"",994.6,"",1024.5,"",.0,"",.0,""
"350190566","KRAKÓW-BALICE","2021","10","27",4.8,"",1.8,"",8.3,"",8.6,"",79.5,"",997.5,"",1027.2,"",.0,"",.0,""
"350190566","KRAKÓW-BALICE","2021","10","28",1.3,"",.9,"",7.6,"",8.3,"",81.5,"",996.9,"",1026.7,"",.0,"",.0,""
"350190566","KRAKÓW-BALICE","2021","10","29",.3,"",1.0,"",7.0,"",7.6,"",79.0,"",992.1,"",1021.7,"",.0,"",.0,""
"350190566","KRAKÓW-BALICE","2021","10","30",.6,"",2.0,"",8.7,"",7.4,"",69.6,"",988.8,"",1018.3,"",.0,"",.0,""
"350190566","KRAKÓW-BALICE","2021","10","31",.4,"",1.8,"",8.0,"",7.5,"",73.1,"",987.5,"",1017.0,"",.0,"",.0,""
"350190566","KRAKÓW-BALICE","2021","11","01",1.1,"",2.0,"",6.8,"",7.3,"",76.3,"",979.7,"",1009.0,"",.0,"",.9,""
"350190566","KRAKÓW-BALICE","2021","11","02",8.0,"",2.3,"",7.7,"",9.8,"",93.1,"",974.9,"",1004.0,"",12.4,"",2.4,""
"350190566","KRAKÓW-BALICE","2021","11","03",3.8,"",2.5,"",8.7,"",8.8,"",79.9,"",979.1,"",1008.2,"",.0,"",.7,""
"350190566","KRAKÓW-BALICE","2021","11","04",5.9,"",4.8,"",9.8,"",9.9,"",81.5,"",976.5,"",1005.5,"",.0,"",.0,""
"350190566","KRAKÓW-BALICE","2021","11","05",2.9,"",4.6,"",6.5,"",7.3,"",75.5,"",990.1,"",1019.8,"",.0,"",.0,""
"350190566","KRAKÓW-BALICE","2021","11","06",3.4,"",3.8,"",6.3,"",7.5,"",79.3,"",998.6,"",1028.6,"",.0,"",.0,""
"350190566","KRAKÓW-BALICE","2021","11","07",4.9,"",2.8,"",5.3,"",6.9,"",78.4,"",988.9,"",1018.7,"",.0,"",.2,""
"350190566","KRAKÓW-BALICE","2021","11","08",7.4,"",4.0,"",7.0,"",8.2,"",82.5,"",990.5,"",1020.1,"",.1,"",.5,""
"350190566","KRAKÓW-BALICE","2021","11","09",6.3,"",2.9,"",6.5,"",9.0,"",93.1,"",1000.9,"",1030.9,"",.0,"",.0,""
"350190566","KRAKÓW-BALICE","2021","11","10",5.1,"",1.4,"",3.9,"",7.2,"",90.5,"",1000.7,"",1030.9,"",.0,"",.0,""
"350190566","KRAKÓW-BALICE","2021","11","11",2.4,"",.9,"",3.7,"",7.0,"",87.8,"",996.2,"",1026.4,"",.0,"",.0,""
"350190566","KRAKÓW-BALICE","2021","11","12",6.9,"",2.4,"",4.1,"",7.7,"",93.1,"",994.5,"",1024.5,"",.0,"",.0,""
"350190566","KRAKÓW-BALICE","2021","11","13",8.0,"",2.3,"",3.9,"",7.7,"",95.3,"",989.9,"",1019.8,"",.0,"",.0,""
"350190566","KRAKÓW-BALICE","2021","11","14",8.0,"",1.6,"",4.7,"",7.8,"",91.0,"",994.4,"",1024.4,"",.0,"",.0,""
"350190566","KRAKÓW-BALICE","2021","11","15",8.0,"",4.4,"",5.2,"",8.1,"",91.8,"",1000.0,"",1030.1,"",.0,"",.0,""
"350190566","KRAKÓW-BALICE","2021","11","16",8.0,"",1.8,"",4.6,"",7.9,"",93.4,"",998.0,"",1028.1,"",.0,"",.0,""
"350190566","KRAKÓW-BALICE","2021","11","17",7.6,"",1.8,"",3.8,"",7.6,"",94.6,"",993.1,"",1023.2,"",.0,"",.1,""
"350190566","KRAKÓW-BALICE","2021","11","18",7.6,"",5.3,"",6.0,"",8.2,"",87.5,"",995.7,"",1025.6,"",.0,"",.1,""
"350190566","KRAKÓW-BALICE","2021","11","19",7.9,"",8.5,"",7.7,"",9.7,"",91.6,"",992.7,"",1022.3,"",.2,"",.4,""
"350190566","KRAKÓW-BALICE","2021","11","20",7.8,"",6.4,"",9.2,"",10.5,"",90.4,"",991.4,"",1020.8,"",.0,"",.0,""
"350190566","KRAKÓW-BALICE","2021","11","21",6.1,"",2.9,"",8.0,"",8.9,"",82.9,"",982.6,"",1011.9,"",.0,"",.0,""
"350190566","KRAKÓW-BALICE","2021","11","22",8.0,"",2.1,"",5.4,"",8.1,"",90.4,"",988.6,"",1018.4,"",2.0,"",.0,""
"350190566","KRAKÓW-BALICE","2021","11","23",6.5,"",4.8,"",3.0,"",6.0,"",78.8,"",996.5,"",1026.8,"",.0,"",.2,""
"350190566","KRAKÓW-BALICE","2021","11","24",6.6,"",2.0,"",3.4,"",6.7,"",86.3,"",995.4,"",1025.6,"",.0,"",.0,""
"350190566","KRAKÓW-BALICE","2021","11","25",.4,"",1.6,"",.3,"",5.2,"",84.8,"",983.7,"",1013.9,"",.0,"",.0,""
"350190566","KRAKÓW-BALICE","2021","11","26",8.0,"",1.6,"",2.3,"",7.0,"",96.4,"",971.4,"",1001.0,"",13.3,"",5.2,""
"350190566","KRAKÓW-BALICE","2021","11","27",7.4,"",2.8,"",2.6,"",6.4,"",87.1,"",967.7,"",997.1,"",.1,"",.4,""
"350190566","KRAKÓW-BALICE","2021","11","28",8.0,"",2.6,"",2.8,"",7.2,"",96.3,"",967.6,"",997.0,"",1.6,"",.0,""
"350190566","KRAKÓW-BALICE","2021","11","29",7.9,"",6.4,"",1.0,"",6.0,"",91.4,"",969.4,"",999.1,"",.0,"",.0,""
"350190566","KRAKÓW-BALICE","2021","11","30",7.9,"",7.9,"",1.6,"",6.0,"",87.3,"",972.8,"",1002.4,"",.2,"",3.0,""
"350190566","KRAKÓW-BALICE","2021","12","01",7.4,"",5.6,"",4.3,"",6.7,"",81.1,"",971.9,"",1001.2,"",.1,"",.0,""
"350190566","KRAKÓW-BALICE","2021","12","02",7.3,"",4.9,"",6.3,"",7.0,"",73.5,"",969.1,"",998.1,"",.0,"",.0,""
"350190566","KRAKÓW-BALICE","2021","12","03",4.8,"",4.6,"",-.1,"",4.2,"",69.6,"",981.2,"",1011.3,"",.0,"",.0,""
"350190566","KRAKÓW-BALICE","2021","12","04",5.1,"",1.8,"",-1.3,"",4.1,"",73.0,"",978.1,"",1008.3,"",.0,"",.9,""
"350190566","KRAKÓW-BALICE","2021","12","05",7.9,"",1.1,"",1.2,"",5.9,"",88.4,"",975.8,"",1005.6,"",.5,"",1.7,""
"350190566","KRAKÓW-BALICE","2021","12","06",8.0,"",1.8,"",1.0,"",6.4,"",96.6,"",981.1,"",1011.1,"",2.9,"",.5,""
"350190566","KRAKÓW-BALICE","2021","12","07",8.0,"",2.9,"",-.6,"",5.4,"",92.6,"",984.5,"",1014.8,"",.0,"",.0,""
"350190566","KRAKÓW-BALICE","2021","12","08",8.0,"",5.5,"",-3.2,"",4.6,"",93.9,"",982.8,"",1013.3,"",.0,"",.0,""
"350190566","KRAKÓW-BALICE","2021","12","09",8.0,"",4.9,"",-2.3,"",4.8,"",93.0,"",978.4,"",1008.7,"",.0,"",1.0,""
"350190566","KRAKÓW-BALICE","2021","12","10",7.3,"",1.5,"",-.5,"",5.6,"",94.6,"",975.1,"",1005.0,"",.0,"",.0,""
"350190566","KRAKÓW-BALICE","2021","12","11",7.9,"",1.1,"",-.4,"",5.8,"",97.8,"",984.4,"",1014.6,"",.0,"",.0,""
"350190566","KRAKÓW-BALICE","2021","12","12",4.9,"",2.3,"",-.8,"",5.1,"",87.9,"",995.3,"",1025.9,"",.0,"",.0,""
"350190566","KRAKÓW-BALICE","2021","12","13",2.9,"",.9,"",-3.6,"",4.3,"",91.4,"",997.2,"",1028.2,"",.0,"",.0,""
"350190566","KRAKÓW-BALICE","2021","12","14",8.0,"",1.0,"",.1,"",6.0,"",96.8,"",998.3,"",1028.9,"",.1,"",.0,""
"350190566","KRAKÓW-BALICE","2021","12","15",8.0,"",3.0,"",3.5,"",7.8,"",98.4,"",1000.5,"",1030.8,"",.0,"",.1,""
"350190566","KRAKÓW-BALICE","2021","12","16",8.0,"",4.1,"",5.7,"",8.6,"",93.9,"",1001.1,"",1031.1,"",.1,"",.0,""
"350190566","KRAKÓW-BALICE","2021","12","17",7.4,"",5.1,"",4.3,"",6.5,"",78.6,"",1000.6,"",1030.9,"",.0,"",.4,""
"350190566","KRAKÓW-BALICE","2021","12","18",8.0,"",4.9,"",2.4,"",6.4,"",87.3,"",1001.4,"",1031.8,"",.0,"",.0,""
"350190566","KRAKÓW-BALICE","2021","12","19",7.8,"",7.0,"",4.2,"",7.4,"",89.9,"",987.0,"",1016.8,"",1.2,"",1.7,""
"350190566","KRAKÓW-BALICE","2021","12","20",7.4,"",5.6,"",.4,"",5.4,"",85.1,"",987.6,"",1017.9,"",.1,"",.3,""
"350190566","KRAKÓW-BALICE","2021","12","21",6.8,"",2.6,"",-2.8,"",4.0,"",80.5,"",994.7,"",1025.6,"",.8,"",.1,""
"350190566","KRAKÓW-BALICE","2021","12","22",5.8,"",1.6,"",-4.6,"",3.8,"",86.9,"",998.2,"",1029.4,"",.0,"",.0,""
"350190566","KRAKÓW-BALICE","2021","12","23",6.0,"",.5,"",-5.2,"",3.6,"",85.9,"",988.7,"",1019.6,"",.0,"",3.3,""
"350190566","KRAKÓW-BALICE","2021","12","24",7.6,"",6.8,"",3.7,"",7.1,"",88.6,"",971.2,"",1000.5,"",2.4,"",2.6,""
"350190566","KRAKÓW-BALICE","2021","12","25",6.6,"",2.6,"",-3.5,"",4.1,"",83.5,"",981.6,"",1012.1,"",.1,"",.0,""
"350190566","KRAKÓW-BALICE","2021","12","26",.5,"",2.8,"",-9.2,"",2.7,"",87.9,"",986.8,"",1018.2,"",.0,"",.3,""
"350190566","KRAKÓW-BALICE","2021","12","27",6.6,"",4.8,"",-8.5,"",3.0,"",92.0,"",985.1,"",1016.3,"",.0,"",.0,""
"350190566","KRAKÓW-BALICE","2021","12","28",6.3,"",4.4,"",-4.4,"",4.1,"",92.1,"",980.2,"",1010.7,"",.0,"",.0,""
"350190566","KRAKÓW-BALICE","2021","12","29",7.1,"",1.5,"",-2.2,"",4.9,"",92.9,"",978.9,"",1009.2,"",.3,"",.0,""
"350190566","KRAKÓW-BALICE","2021","12","30",6.6,"",1.6,"",1.7,"",6.7,"",95.9,"",986.5,"",1016.5,"",.0,"",3.4,""
"350190566","KRAKÓW-BALICE","2021","12","31",7.5,"",6.3,"",10.0,"",11.1,"",90.9,"",988.0,"",1017.3,"",2.1,"",.0,""
