"353140205","SZCZECIN","2019","01","01",7.8,"",4.7,"",6.6,"",4.2,"",2.6,"","S",0,"9",.0,"9",.4,"",6.1,"",.0,"9",.0,"9",.0,"9",.0,"9",5.4,"",.0,"9",.0,"9",.0,"9",.0,"9",.0,"9",2.0,"",.0,"9",.0,"9",.0,"9",.0,"9",0,"",0,"","R",0,"9",0,"9",0,"8"
"353140205","SZCZECIN","2019","01","02",5.4,"",.9,"",2.6,"",.6,"",.2,"","S",0,"9",.0,"9",.2,"",1.5,"",.3,"",1.8,"",.0,"9",.0,"9",.0,"9",.0,"9",.0,"9",.0,"9",.0,"9",.0,"9",.3,"",.0,"9",.0,"9",.0,"9",.0,"9",0,"",0,"","R",0,"9",0,"9",0,"8"
"353140205","SZCZECIN","2019","01","03",3.2,"",-.9,"",1.0,"",-3.0,"",.0,"9","",0,"",.0,"9",3.8,"",.0,"9",2.1,"",.0,"9",.0,"9",.0,"9",.0,"9",.0,"9",.0,"9",.0,"9",.0,"9",.0,"9",.0,"9",.0,"9",.0,"9",.0,"9",.0,"9",0,"",0,"","R",0,"9",0,"9",0,"8"
"353140205","SZCZECIN","2019","01","04",3.7,"",-3.0,"",1.5,"",-6.9,"",.7,"","W",0,"9",.0,"9",.0,"9",4.1,"",.0,"9",.0,"9",.0,"9",.0,"9",10.5,"",.0,"9",.0,"9",.0,"9",.0,"9",.0,"9",.0,"9",.0,"9",.0,"9",.0,"9",.0,"9",0,"",0,"","Z",1,"",0,"9",0,"8"
"353140205","SZCZECIN","2019","01","05",6.4,"",2.5,"",4.7,"",1.6,"",.0,"9","",0,"9",.0,"9",.0,"9",1.2,"",.0,"9",.0,"9",.0,"9",.0,"9",8.5,"",.0,"9",.0,"9",.0,"9",.0,"9",.0,"9",.0,"9",.0,"9",.0,"9",.0,"9",.0,"9",0,"",0,"","R",0,"9",0,"9",0,"8"
"353140205","SZCZECIN","2019","01","06",3.1,"",1.5,"",2.1,"",1.1,"",.0,"9","",0,"9",.0,"9",.0,"9",.0,"9",.0,"9",.0,"9",.0,"9",.0,"9",.0,"9",.0,"9",.0,"9",.0,"9",.0,"9",.0,"9",.0,"9",.0,"9",.0,"9",.0,"9",.0,"9",0,"",0,"","R",0,"9",0,"9",0,"8"
"353140205","SZCZECIN","2019","01","07",3.9,"",-1.2,"",1.7,"",-3.4,"",3.4,"","W",0,"9",.0,"9",.0,"9",5.2,"",.0,"9",.0,"9",.0,"9",.0,"9",10.0,"",.0,"9",.0,"9",.0,"9",.0,"9",.0,"9",.0,"9",.0,"9",.0,"9",.0,"9",.0,"9",0,"",0,"","Z",1,"",0,"9",0,"8"
"353140205","SZCZECIN","2019","01","08",5.9,"",3.2,"",4.6,"",2.9,"",8.0,"","W",0,"9",.0,"9",.0,"9",16.5,"",.0,"9",.0,"9",.0,"9",.0,"9",13.1,"",.0,"9",.0,"9",.0,"9",.0,"9",.0,"9",.0,"9",.0,"9",.0,"9",.0,"9",.0,"9",0,"",0,"","R",0,"9",0,"9",0,"8"
"353140205","SZCZECIN","2019","01","09",4.1,"",1.3,"",3.1,"",1.0,"",1.3,"","W",0,"9",.0,"9",.0,"9",14.3,"",.0,"9",.0,"9",.0,"9",.0,"9",13.5,"",.0,"9",.0,"9",.0,"9",.0,"9",.0,"9",.0,"9",.0,"9",.0,"9",.0,"9",.0,"9",0,"",0,"","R",0,"9",0,"9",0,"8"
"353140205","SZCZECIN","2019","01","10",3.4,"",-1.5,"",.8,"",-4.2,"",.0,"","S",0,"9",.0,"9",1.9,"",.2,"",.0,"9",.2,"",.0,"9",.0,"9",.0,"9",.0,"9",.0,"9",.0,"9",.0,"9",.0,"9",.0,"9",.0,"9",.0,"9",.0,"9",.0,"9",0,"",0,"","",0,"9",0,"9",0,"8"
"353140205","SZCZECIN","2019","01","11",5.2,"",-2.6,"",1.6,"",-5.6,"",1.2,"","S",0,"9",.0,"9",.0,"9",6.1,"",4.1,"",.0,"9",.0,"9",.0,"9",18.5,"",.0,"9",.0,"9",.0,"9",.0,"9",.0,"9",.0,"9",.0,"9",.0,"9",.0,"9",.0,"9",0,"",0,"","Z",1,"",0,"9",0,"8"
"353140205","SZCZECIN","2019","01","12",5.9,"",2.8,"",4.2,"",2.6,"",2.7,"","W",0,"9",.0,"9",.0,"9",6.3,"",.0,"9",.0,"9",.0,"9",.0,"9",15.3,"",.0,"9",.0,"9",.0,"9",.0,"9",.0,"9",.0,"9",.0,"9",.0,"9",.0,"9",.0,"9",0,"",0,"","R",0,"9",0,"9",0,"8"
"353140205","SZCZECIN","2019","01","13",7.4,"",4.5,"",5.7,"",4.1,"",5.5,"","W",0,"9",.0,"9",.0,"9",15.8,"",.0,"9",.0,"9",.0,"9",.0,"9",7.5,"",.0,"9",.0,"9",.0,"9",.0,"9",.0,"9",.0,"9",.0,"9",.0,"9",.0,"9",.0,"9",0,"",0,"","R",0,"9",0,"9",0,"8"
"353140205","SZCZECIN","2019","01","14",7.2,"",-1.3,"",1.8,"",-1.1,"",.6,"","S",0,"9",.0,"9",4.7,"",1.5,"",.8,"",.0,"9",.0,"9",.0,"9",.9,"",.0,"9",.0,"9",.0,"9",.0,"9",.0,"9",.3,"",.0,"9",.0,"9",.0,"9",.0,"9",0,"",0,"","R",0,"9",0,"9",0,"8"
"353140205","SZCZECIN","2019","01","15",5.6,"",.1,"",3.0,"",-.9,"",14.6,"","S",1,"",.0,"9",.0,"9",7.5,"",2.3,"",1.2,"",.0,"9",.0,"9",10.7,"",.0,"9",.0,"9",.0,"9",.0,"9",.0,"9",.0,"9",.0,"9",.0,"9",.0,"9",.0,"9",1,"",0,"","R",0,"9",0,"9",0,"8"
"353140205","SZCZECIN","2019","01","16",7.3,"",5.6,"",6.3,"",5.2,"",.2,"","W",0,"9",.0,"9",.0,"9",4.9,"",.0,"9",.0,"9",.0,"9",.0,"9",6.5,"",.0,"9",.0,"9",.0,"9",.0,"9",.0,"9",.0,"9",.0,"9",.0,"9",.0,"9",.0,"9",0,"",0,"","R",0,"9",0,"9",0,"8"
"353140205","SZCZECIN","2019","01","17",6.3,"",3.3,"",4.6,"",2.7,"",1.8,"","S",0,"9",.0,"9",.0,"9",5.8,"",.0,"9",.0,"9",.0,"9",.0,"9",.0,"9",.0,"9",.0,"9",.0,"9",.0,"9",.0,"9",.0,"9",.0,"9",.0,"9",.0,"9",.0,"9",0,"",0,"","R",0,"9",0,"9",0,"8"
"353140205","SZCZECIN","2019","01","18",5.3,"",-1.5,"",.2,"",-2.8,"",.0,"9","",0,"9",.0,"9",6.6,"",.0,"9",.8,"",.0,"9",.0,"9",.0,"9",.0,"9",.0,"9",.0,"9",.0,"9",.0,"9",.0,"9",.0,"9",.0,"9",.0,"9",.0,"9",.0,"9",0,"",0,"","R",0,"9",0,"9",0,"8"
"353140205","SZCZECIN","2019","01","19",-.1,"",-2.6,"",-1.5,"",-3.2,"",.0,"9","",0,"9",.0,"9",.0,"9",.0,"9",.0,"9",.0,"9",.0,"9",.0,"9",20.0,"",.0,"9",.0,"9",.0,"9",.0,"9",.0,"9",.0,"9",.0,"9",.0,"9",.0,"9",.0,"9",0,"",0,"","Z",1,"",0,"9",0,"8"
"353140205","SZCZECIN","2019","01","20",-2.0,"",-3.6,"",-2.7,"",-2.7,"",.0,"9","",0,"9",.0,"9",.0,"9",.0,"9",.0,"9",.0,"9",.0,"9",.0,"9",11.5,"",.0,"9",.0,"9",.0,"9",.0,"9",.0,"9",.0,"9",.0,"9",.0,"9",.0,"9",.0,"9",0,"",0,"","Z",1,"",0,"9",0,"8"
"353140205","SZCZECIN","2019","01","21",-1.5,"",-4.2,"",-2.7,"",-3.7,"",.0,"","S",0,"9",.0,"9",.0,"9",.0,"9",.3,"",.0,"9",.0,"9",.0,"9",10.0,"",.0,"9",.0,"9",.0,"9",.0,"9",.0,"9",.0,"9",.0,"9",.0,"9",.0,"9",.0,"9",0,"",0,"","",1,"",0,"9",0,"8"
"353140205","SZCZECIN","2019","01","22",.3,"",-3.1,"",-2.4,"",-4.4,"",.0,"9","",0,"9",.0,"9",2.2,"",.0,"9",.0,"9",.0,"9",.0,"9",.0,"9",23.0,"",.0,"9",.0,"9",.0,"9",.0,"9",.0,"9",.0,"9",.0,"9",.0,"9",.0,"9",.0,"9",0,"",0,"","Z",1,"",0,"9",0,"8"
"353140205","SZCZECIN","2019","01","23",-2.5,"",-6.7,"",-5.1,"",-7.3,"",.0,"9","",0,"9",.0,"9",1.3,"",.0,"9",.0,"9",.0,"9",.0,"9",.0,"9",24.0,"",.0,"9",.0,"9",.0,"9",.0,"9",.0,"9",.0,"9",.0,"9",.0,"9",.0,"9",.0,"9",0,"",0,"","Z",8,"",0,"9",0,"8"
"353140205","SZCZECIN","2019","01","24",-3.5,"",-7.4,"",-5.2,"",-7.9,"",.0,"","W",0,"9",.0,"9",.9,"",.0,"9",.0,"9",.0,"9",.0,"9",.0,"9",16.5,"",.0,"9",.0,"9",.0,"9",.0,"9",.0,"9",.0,"9",.0,"9",.0,"9",.0,"9",.0,"9",0,"",0,"","Z",10,"",0,"9",0,"8"
"353140205","SZCZECIN","2019","01","25",-4.0,"",-5.0,"",-4.4,"",-4.8,"",.8,"","S",0,"",.0,"9",.0,"9",.0,"9",5.6,"",.0,"9",.0,"9",.0,"9",13.5,"",.0,"9",.0,"9",.0,"9",.0,"9",.0,"9",.0,"9",.0,"9",.0,"9",.0,"9",.0,"9",0,"",0,"","Z",12,"",0,"9",0,"8"
"353140205","SZCZECIN","2019","01","26",-.3,"",-4.2,"",-1.9,"",-4.2,"",1.4,"","S",2,"",.0,"9",.0,"9",.9,"",5.8,"",1.9,"",.0,"9",.0,"9",24.0,"",.0,"9",.0,"9",.0,"9",.0,"9",.0,"9",.0,"9",.0,"9",.0,"9",.0,"9",.0,"9",1,"",0,"","Z",12,"",0,"9",0,"8"
"353140205","SZCZECIN","2019","01","27",4.5,"",-.4,"",2.9,"",-.4,"",1.4,"","W",0,"9",.0,"9",.0,"9",6.6,"",.0,"9",.0,"9",.0,"9",.0,"9",7.2,"",.0,"9",.0,"9",.0,"9",.0,"9",.0,"9",.0,"9",.0,"9",.0,"9",.0,"9",.0,"9",0,"",0,"","R",11,"",4,"",0,"8"
"353140205","SZCZECIN","2019","01","28",4.6,"",1.2,"",2.7,"",-1.3,"",1.8,"","S",0,"9",.0,"9",1.3,"",3.4,"",.0,"9",.0,"9",.0,"9",.0,"9",7.5,"",.0,"9",.0,"9",.0,"9",.0,"9",.0,"9",.0,"9",.0,"9",.0,"9",.0,"9",.0,"9",0,"",0,"","R",0,"9",0,"9",0,"8"
"353140205","SZCZECIN","2019","01","29",1.8,"",-.4,"",.7,"",-.7,"",.1,"","S",0,"9",.0,"9",1.7,"",3.4,"",2.5,"",.0,"9",.0,"9",.0,"9",7.8,"",.0,"9",.0,"9",.0,"9",.0,"9",.0,"9",.0,"9",.0,"9",.0,"9",.0,"9",.0,"9",0,"",0,"","R",0,"9",0,"9",0,"8"
"353140205","SZCZECIN","2019","01","30",3.2,"",-.3,"",.6,"",-1.2,"",.0,"9","",0,"9",.0,"9",4.4,"",.0,"9",.0,"9",.0,"9",.0,"9",.0,"9",4.5,"",.0,"9",.0,"9",.0,"9",.0,"9",.0,"9",.0,"9",.0,"9",.0,"9",.0,"9",.0,"9",0,"",0,"","R",0,"9",0,"9",0,"8"
"353140205","SZCZECIN","2019","01","31",.7,"",-1.7,"",-.7,"",-2.5,"",.0,"9","",0,"9",.0,"9",.7,"",.0,"9",.0,"9",.0,"9",.0,"9",.0,"9",24.0,"",.0,"9",.0,"9",.0,"9",.0,"9",.0,"9",.0,"9",.0,"9",.0,"9",.0,"9",.0,"9",0,"",0,"","Z",1,"",0,"9",0,"8"
"353140205","SZCZECIN","2019","02","01",1.2,"",-3.5,"",-.6,"",-5.3,"",1.0,"","S",0,"9",.0,"9",.0,"9",.0,"9",.0,"9",.0,"9",.0,"9",.0,"9",24.0,"",.0,"9",.0,"9",.0,"9",.0,"9",.0,"9",.0,"9",.0,"9",.0,"9",.0,"9",.0,"9",0,"",0,"","Z",5,"",0,"9",0,"8"
"353140205","SZCZECIN","2019","02","02",1.0,"",-.1,"",.3,"",-.6,"",5.8,"","S",1,"",.0,"9",.0,"9",4.1,"",4.7,"",3.1,"",.0,"9",.0,"9",24.0,"",.0,"9",.0,"9",.0,"9",.0,"9",.0,"9",.0,"9",.0,"9",.0,"9",.0,"9",.0,"9",1,"",0,"","R",0,"9",0,"9",0,"8"
"353140205","SZCZECIN","2019","02","03",2.2,"",.0,"",1.3,"",.0,"",.1,"","S",2,"",.0,"9",.0,"9",2.3,"",1.8,"",.0,"9",.0,"9",.0,"9",9.5,"",.0,"9",.0,"9",.0,"9",.0,"9",.0,"9",.0,"9",.0,"9",.0,"9",.0,"9",.0,"9",1,"",0,"","R",0,"9",0,"9",0,"8"
"353140205","SZCZECIN","2019","02","04",2.2,"",-1.7,"",.0,"",-3.8,"",.1,"","S",0,"9",.0,"9",1.9,"",.0,"9",.0,"9",.0,"9",.0,"9",.3,"",14.7,"",.0,"9",.0,"9",.0,"9",.0,"9",.0,"9",.0,"9",.0,"9",.0,"9",.0,"9",.0,"9",0,"",0,"","Z",1,"",0,"9",0,"8"
"353140205","SZCZECIN","2019","02","05",3.7,"",.1,"",1.8,"",-.3,"",.0,"","S",0,"",.0,"9",.0,"9",.9,"",2.3,"",.0,"9",.0,"9",.0,"9",.0,"9",.0,"9",.0,"9",.0,"9",.0,"9",.0,"9",.0,"9",.0,"9",.0,"9",.0,"9",.0,"9",0,"",0,"","",0,"9",0,"9",0,"8"
"353140205","SZCZECIN","2019","02","06",5.4,"",1.6,"",3.3,"",1.3,"",.6,"","W",0,"9",.0,"9",1.6,"",5.5,"",.0,"9",.0,"9",.0,"9",.0,"9",7.7,"",.0,"9",.0,"9",.0,"9",.0,"9",.0,"9",.0,"9",.0,"9",.0,"9",.0,"9",.0,"9",0,"",0,"","R",0,"9",0,"9",0,"8"
"353140205","SZCZECIN","2019","02","07",6.9,"",.9,"",3.2,"",.2,"",.0,"9","",0,"9",.0,"9",2.0,"",.0,"9",.0,"9",.0,"9",.0,"9",.0,"9",.5,"",.0,"9",.0,"9",.0,"9",.0,"9",.0,"9",.0,"9",.0,"9",.0,"9",.0,"9",.0,"9",0,"",0,"","R",0,"9",0,"9",0,"8"
"353140205","SZCZECIN","2019","02","08",8.7,"",2.4,"",5.3,"",1.7,"",.0,"9","",0,"9",.0,"9",3.8,"",.0,"9",.0,"9",.0,"9",.0,"9",.0,"9",.0,"9",.0,"9",.0,"9",.0,"9",.0,"9",.0,"9",.0,"9",.0,"9",.0,"9",.0,"9",.0,"9",0,"",0,"","R",0,"9",0,"9",0,"8"
"353140205","SZCZECIN","2019","02","09",10.6,"",4.6,"",6.5,"",3.6,"",1.0,"","W",0,"9",.0,"9",2.3,"",3.5,"",.0,"9",.0,"9",.0,"9",.0,"9",.0,"9",.0,"9",.0,"9",.0,"9",.0,"9",.0,"9",.0,"9",.0,"9",.0,"9",.0,"9",.0,"9",0,"",0,"","R",0,"9",0,"9",0,"8"
"353140205","SZCZECIN","2019","02","10",7.5,"",5.2,"",6.6,"",4.4,"",10.9,"","W",0,"9",.0,"9",.0,"9",8.8,"",.0,"9",.0,"9",.0,"9",.0,"9",2.0,"",.0,"9",.0,"9",.0,"9",.0,"9",.0,"9",.3,"",.0,"9",.0,"9",.0,"9",.0,"9",0,"",0,"","R",0,"9",0,"9",0,"8"
"353140205","SZCZECIN","2019","02","11",8.1,"",1.4,"",4.2,"",1.4,"",1.2,"","W",0,"9",.0,"9",.0,"9",5.8,"",.0,"9",.0,"9",.0,"9",.0,"9",2.5,"",.0,"9",.0,"9",.0,"9",.0,"9",.0,"9",.0,"9",.0,"9",.0,"9",.0,"9",.0,"9",0,"",0,"","R",0,"9",0,"9",0,"8"
"353140205","SZCZECIN","2019","02","12",5.4,"",.7,"",2.2,"",-3.2,"",1.3,"","W",0,"9",.0,"9",7.7,"",.8,"",.0,"9",.0,"9",.0,"9",.0,"9",.8,"",.0,"9",.0,"9",.0,"9",.0,"9",.0,"9",.0,"9",.0,"9",.0,"9",.0,"9",.0,"9",0,"",0,"","R",0,"9",0,"9",0,"8"
"353140205","SZCZECIN","2019","02","13",8.8,"",-.4,"",5.6,"",-3.7,"",.2,"","W",0,"9",.0,"9",.0,"9",4.0,"",.0,"9",.0,"9",.0,"9",.0,"9",20.3,"",.0,"9",.0,"9",.0,"9",.0,"9",.0,"9",.0,"9",.0,"9",.0,"9",.0,"9",.0,"9",0,"",0,"","R",0,"9",0,"9",0,"8"
"353140205","SZCZECIN","2019","02","14",9.7,"",5.2,"",6.8,"",-1.2,"",.0,"9","",0,"9",.0,"9",2.4,"",1.7,"",.0,"9",.0,"9",.0,"9",.0,"9",19.2,"",.0,"9",.0,"9",.0,"9",.0,"9",.0,"9",.0,"9",.0,"9",.0,"9",.0,"9",.0,"9",0,"",0,"","R",0,"9",0,"9",0,"8"
"353140205","SZCZECIN","2019","02","15",10.0,"",.2,"",2.8,"",-3.9,"",.0,"9","",0,"9",.0,"9",4.6,"",.0,"9",.0,"9",.0,"9",.0,"9",1.3,"",18.4,"",.0,"9",.0,"9",.0,"9",.0,"9",.0,"9",.0,"9",.0,"9",.0,"9",.0,"9",.0,"9",0,"",0,"","R",0,"9",0,"9",0,"8"
"353140205","SZCZECIN","2019","02","16",13.6,"",-4.1,"",4.9,"",-6.8,"",.0,"9","",0,"9",.0,"9",9.4,"",.0,"9",.0,"9",.0,"9",.0,"9",.0,"9",8.3,"",.0,"9",.0,"9",.0,"9",.0,"9",.0,"9",.0,"9",.0,"9",.0,"9",.0,"9",.0,"9",0,"",0,"","Z",1,"",0,"9",0,"8"
"353140205","SZCZECIN","2019","02","17",10.9,"",2.4,"",4.9,"",-3.1,"",.0,"9","",0,"9",.0,"9",1.0,"",.0,"9",.0,"9",.0,"9",.0,"9",.0,"9",7.5,"",.0,"9",.0,"9",.0,"9",.0,"9",.0,"9",.0,"9",.0,"9",.0,"9",.0,"9",.0,"9",0,"",0,"","R",0,"9",0,"9",0,"8"
"353140205","SZCZECIN","2019","02","18",13.0,"",-2.2,"",4.6,"",-5.4,"",.0,"9","",0,"9",.0,"9",9.1,"",.0,"9",.0,"9",.0,"9",.0,"9",1.8,"",15.5,"",.0,"9",.0,"9",.0,"9",.0,"9",.0,"9",.0,"9",.0,"9",.0,"9",.0,"9",.0,"9",0,"",0,"","Z",1,"",0,"9",0,"8"
"353140205","SZCZECIN","2019","02","19",9.0,"",-2.4,"",4.7,"",-5.8,"",.1,"","W",0,"9",.0,"9",1.1,"",.4,"",.0,"9",.0,"9",.0,"9",.0,"9",3.5,"",.0,"9",.0,"9",.0,"9",.0,"9",.0,"9",.0,"9",.0,"9",.0,"9",.0,"9",.0,"9",0,"",0,"","R",0,"9",0,"9",0,"8"
"353140205","SZCZECIN","2019","02","20",9.4,"",3.3,"",6.6,"",2.2,"",.6,"","W",0,"9",.0,"9",.0,"9",.1,"",.0,"9",.0,"9",.0,"9",.0,"9",.0,"9",.0,"9",.0,"9",.0,"9",.0,"9",.0,"9",.0,"9",.0,"9",.0,"9",.0,"9",.0,"9",0,"",0,"","R",0,"9",0,"9",0,"8"
"353140205","SZCZECIN","2019","02","21",9.3,"",5.6,"",7.2,"",4.9,"",6.8,"","W",0,"9",.0,"9",.1,"",18.6,"",.0,"9",.0,"9",.0,"9",.0,"9",19.5,"",.0,"9",.0,"9",.0,"9",.0,"9",.0,"9",.0,"9",.0,"9",.0,"9",.0,"9",.0,"9",0,"",0,"","R",0,"9",0,"9",0,"8"
"353140205","SZCZECIN","2019","02","22",8.1,"",-1.5,"",1.4,"",-3.7,"",.0,"9","",0,"9",.0,"9",9.9,"",1.3,"",.0,"9",.0,"9",.0,"9",.0,"9",1.2,"",.0,"9",.0,"9",.0,"9",.0,"9",.0,"9",.0,"9",.0,"9",.0,"9",.0,"9",.0,"9",0,"",0,"","R",0,"9",0,"9",0,"8"
"353140205","SZCZECIN","2019","02","23",4.4,"",-4.1,"",-.8,"",-7.9,"",.0,"9","",0,"9",.0,"9",6.9,"",.0,"9",.0,"9",.0,"9",.0,"9",.0,"9",.0,"9",.0,"9",.0,"9",.0,"9",.0,"9",.0,"9",.0,"9",.0,"9",.0,"9",.0,"9",.0,"9",0,"",0,"","Z",1,"",0,"9",0,"8"
"353140205","SZCZECIN","2019","02","24",11.6,"",-.9,"",4.5,"",-4.6,"",.0,"9","",0,"9",.0,"9",8.6,"",.0,"9",.0,"9",.0,"9",.0,"9",.0,"9",.0,"9",.0,"9",.0,"9",.0,"9",.0,"9",.0,"9",.0,"9",.0,"9",.0,"9",.0,"9",.0,"9",0,"",0,"","Z",1,"",0,"9",0,"8"
"353140205","SZCZECIN","2019","02","25",13.2,"",.5,"",5.8,"",-3.6,"",.0,"9","",0,"9",.0,"9",7.7,"",.0,"9",.0,"9",.0,"9",.0,"9",.0,"9",10.3,"",.0,"9",.0,"9",.0,"9",.0,"9",.0,"9",.0,"9",.0,"9",.0,"9",.0,"9",.0,"9",0,"",0,"","Z",1,"",0,"9",0,"8"
"353140205","SZCZECIN","2019","02","26",9.8,"",2.4,"",4.9,"",-2.2,"",.0,"9","",0,"9",.0,"9",2.2,"",.0,"9",.0,"9",.0,"9",.0,"9",2.7,"",21.3,"",.0,"9",.0,"9",.0,"9",.0,"9",.0,"9",.0,"9",.0,"9",.0,"9",.0,"9",.0,"9",0,"",0,"","R",0,"9",0,"9",0,"8"
"353140205","SZCZECIN","2019","02","27",15.8,"",-1.7,"",6.6,"",-4.4,"",.0,"9","",0,"9",.0,"9",8.0,"",.0,"9",.0,"9",.0,"9",.0,"9",8.5,"",1.7,"",.0,"9",.0,"9",.0,"9",.0,"9",1.0,"",.0,"9",.0,"9",.0,"9",.0,"9",.0,"9",0,"",0,"","R",0,"9",0,"9",0,"8"
"353140205","SZCZECIN","2019","02","28",10.2,"",4.1,"",5.5,"",2.3,"",.0,"9","",0,"9",.0,"9",3.8,"",.0,"9",.0,"9",.0,"9",.0,"9",.0,"9",18.5,"",.0,"9",.0,"9",.0,"9",.0,"9",.0,"9",.0,"9",.0,"9",.0,"9",.0,"9",.0,"9",0,"",0,"","R",0,"9",0,"9",0,"8"
"353140205","SZCZECIN","2019","03","01",5.3,"",1.1,"",2.6,"",-4.4,"",.0,"9","",0,"9",.0,"9",.6,"",.0,"9",.0,"9",.0,"9",.0,"9",.0,"9",17.5,"",.0,"9",.0,"9",.0,"9",.0,"9",.0,"9",.0,"9",.0,"9",.0,"9",.0,"9",.0,"9",0,"",0,"","R",0,"9",0,"9",0,"8"
"353140205","SZCZECIN","2019","03","02",5.7,"",-4.5,"",1.5,"",-8.6,"",.2,"","W",0,"9",.0,"9",2.4,"",.0,"9",.0,"9",.0,"9",.0,"9",.0,"9",4.7,"",.0,"9",.0,"9",.0,"9",.0,"9",.0,"9",.0,"9",.0,"9",.0,"9",.0,"9",8.0,"",0,"",0,"","Z",1,"",0,"9",0,"8"
"353140205","SZCZECIN","2019","03","03",9.9,"",2.9,"",7.2,"",1.9,"",5.7,"","W",0,"9",.0,"9",.0,"9",11.3,"",.0,"9",.0,"9",.0,"9",.0,"9",12.8,"",.0,"9",.0,"9",.0,"9",.0,"9",.0,"9",.0,"9",.0,"9",.0,"9",.0,"9",.0,"9",0,"",0,"","R",0,"9",0,"9",0,"8"
"353140205","SZCZECIN","2019","03","04",14.4,"",5.9,"",9.6,"",5.0,"",2.8,"","W",0,"9",.0,"9",2.0,"",1.1,"",.0,"9",.0,"9",.0,"9",.0,"9",.0,"9",.0,"9",.0,"9",.0,"9",.0,"9",.0,"9",1.0,"",.0,"9",.0,"9",.0,"9",.0,"9",0,"",0,"","R",0,"9",0,"9",0,"8"
"353140205","SZCZECIN","2019","03","05",8.6,"",5.1,"",6.5,"",3.9,"",.0,"","W",0,"9",.0,"9",2.3,"",.4,"",.0,"9",.0,"9",.0,"9",.0,"9",.0,"9",.0,"9",.0,"9",.0,"9",.0,"9",.0,"9",.0,"9",.0,"9",.0,"9",.0,"9",.0,"9",0,"",0,"","R",0,"9",0,"9",0,"8"
"353140205","SZCZECIN","2019","03","06",10.5,"",.8,"",6.1,"",-1.1,"",1.0,"","W",0,"9",.0,"9",5.1,"",.2,"",.0,"9",.0,"9",.0,"9",.0,"9",4.6,"",.0,"9",.0,"9",.0,"9",.0,"9",.0,"9",.0,"9",.0,"9",.0,"9",.0,"9",3.0,"",0,"",0,"","R",0,"9",0,"9",0,"8"
"353140205","SZCZECIN","2019","03","07",15.9,"",7.5,"",10.2,"",5.8,"",.5,"","W",0,"9",.0,"9",2.3,"",5.8,"",.0,"9",.0,"9",.0,"9",.0,"9",.0,"9",.0,"9",.0,"9",.0,"9",.0,"9",.0,"9",.0,"9",.0,"9",.0,"9",.0,"9",.0,"9",0,"",0,"","R",0,"9",0,"9",0,"8"
"353140205","SZCZECIN","2019","03","08",10.1,"",6.4,"",7.6,"",5.4,"",.7,"","W",0,"9",.0,"9",3.6,"",.3,"",.0,"9",.0,"9",.0,"9",.0,"9",.0,"9",.0,"9",.0,"9",.0,"9",.0,"9",.0,"9",3.0,"",.0,"9",.0,"9",.0,"9",.0,"9",0,"",0,"","R",0,"9",0,"9",0,"8"
"353140205","SZCZECIN","2019","03","09",10.7,"",3.5,"",6.4,"",1.4,"",3.9,"","W",0,"9",.0,"9",3.0,"",5.8,"",.0,"9",.0,"9",.0,"9",.0,"9",.0,"9",.0,"9",.0,"9",.0,"9",.0,"9",.0,"9",1.0,"",.0,"9",.0,"9",.0,"9",.0,"9",0,"",1,"","R",0,"9",0,"9",0,"8"
"353140205","SZCZECIN","2019","03","10",8.8,"",3.0,"",5.2,"",1.5,"",1.5,"","W",0,"9",.0,"9",3.4,"",3.8,"",.0,"9",.0,"9",.0,"9",.0,"9",.0,"9",.0,"9",.0,"9",.0,"9",.0,"9",.0,"9",.0,"9",.0,"9",.0,"9",.0,"9",.0,"9",0,"",0,"","R",0,"9",0,"9",0,"8"
"353140205","SZCZECIN","2019","03","11",5.1,"",1.3,"",2.8,"",-.2,"",1.4,"","W",0,"9",.0,"9",.3,"",4.0,"",.0,"9",.0,"9",.0,"9",.0,"9",2.0,"",.0,"9",.0,"9",.0,"9",.0,"9",.0,"9",.0,"9",.0,"9",.0,"9",.0,"9",.0,"9",0,"",0,"","R",0,"9",0,"9",0,"8"
"353140205","SZCZECIN","2019","03","12",7.9,"",-.9,"",3.4,"",-3.9,"",.4,"","W",0,"9",.0,"9",2.5,"",.0,"9",.0,"9",.0,"9",.0,"9",.0,"9",4.0,"",.0,"9",.0,"9",.0,"9",.0,"9",.0,"9",.0,"9",.0,"9",.0,"9",.0,"9",5.0,"",0,"",0,"","Z",1,"",0,"9",0,"8"
"353140205","SZCZECIN","2019","03","13",9.3,"",4.8,"",7.4,"",3.8,"",1.9,"","W",0,"9",.0,"9",2.1,"",1.1,"",.0,"9",.0,"9",.0,"9",.0,"9",.0,"9",.0,"9",.0,"9",.0,"9",.0,"9",.0,"9",.3,"",.0,"9",.0,"9",.0,"9",.0,"9",0,"",0,"","R",0,"9",0,"9",0,"8"
"353140205","SZCZECIN","2019","03","14",8.3,"",5.1,"",5.9,"",3.6,"",3.0,"","S",0,"9",.0,"9",.9,"",5.1,"",.0,"",.0,"9",.0,"9",.0,"9",.0,"9",.0,"9",.0,"9",.0,"9",.0,"9",.0,"9",.0,"9",.0,"9",.0,"9",.0,"9",.0,"9",0,"",0,"","R",0,"9",0,"9",0,"8"
"353140205","SZCZECIN","2019","03","15",9.1,"",4.1,"",6.6,"",3.9,"",1.6,"","W",0,"9",.0,"9",.1,"",3.1,"",.0,"9",.0,"9",.0,"9",.0,"9",2.1,"",.0,"9",.0,"9",.0,"9",.0,"9",.0,"9",1.5,"",.0,"9",.0,"9",.0,"9",.0,"9",0,"",0,"","R",0,"9",0,"9",0,"8"
"353140205","SZCZECIN","2019","03","16",9.6,"",4.4,"",6.5,"",4.1,"",2.8,"","W",0,"9",.0,"9",.3,"",6.1,"",.0,"9",.0,"9",.0,"9",.0,"9",1.0,"",.0,"9",.0,"9",.0,"9",.0,"9",.0,"9",1.2,"",.0,"9",.0,"9",.0,"9",.0,"9",0,"",0,"","R",0,"9",0,"9",0,"8"
"353140205","SZCZECIN","2019","03","17",13.4,"",4.4,"",8.4,"",4.1,"",.9,"","W",0,"9",.0,"9",.8,"",2.5,"",.0,"9",.0,"9",.0,"9",.0,"9",.0,"9",.0,"9",.0,"9",.0,"9",.0,"9",.0,"9",.0,"9",.0,"9",.0,"9",.0,"9",.0,"9",0,"",0,"","R",0,"9",0,"9",0,"8"
"353140205","SZCZECIN","2019","03","18",9.0,"",3.6,"",5.2,"",2.2,"",1.8,"","W",0,"9",.0,"9",.7,"",1.6,"",.0,"9",.0,"9",.0,"9",.0,"9",.0,"9",.0,"9",.0,"9",.0,"9",.0,"9",.0,"9",.3,"",.0,"9",.0,"9",.0,"9",.0,"9",0,"",0,"","R",0,"9",0,"9",0,"8"
"353140205","SZCZECIN","2019","03","19",8.9,"",2.6,"",4.7,"",1.9,"",.3,"","S",0,"9",.0,"9",3.9,"",.1,"",.2,"",.0,"9",.0,"9",.0,"9",.0,"9",.0,"9",.0,"9",.0,"9",.0,"9",.0,"9",.0,"9",.0,"9",.0,"9",.0,"9",.0,"9",0,"",0,"","R",0,"9",0,"9",0,"8"
"353140205","SZCZECIN","2019","03","20",12.0,"",-.9,"",6.2,"",-5.4,"",.0,"9","",0,"9",.0,"9",7.2,"",.0,"9",.0,"9",.0,"9",.0,"9",.0,"9",2.5,"",.0,"9",.0,"9",.0,"9",.0,"9",.0,"9",.0,"9",.0,"9",.0,"9",.0,"9",6.0,"",0,"",0,"","Z",1,"",0,"9",0,"8"
"353140205","SZCZECIN","2019","03","21",13.3,"",7.7,"",10.4,"",7.0,"",.0,"9","",0,"9",.0,"9",1.4,"",.0,"9",.0,"9",.0,"9",.0,"9",.0,"9",14.3,"",.0,"9",.0,"9",.0,"9",.0,"9",.0,"9",.0,"9",.0,"9",.0,"9",.0,"9",.0,"9",0,"",0,"","R",0,"9",0,"9",0,"8"
"353140205","SZCZECIN","2019","03","22",11.5,"",7.8,"",9.4,"",8.0,"",.0,"","W",0,"9",.0,"9",.0,"9",1.9,"",.0,"9",.0,"9",.0,"9",.0,"9",21.0,"",.0,"9",.0,"9",.0,"9",.0,"9",.0,"9",.0,"9",.0,"9",.0,"9",.0,"9",.0,"9",0,"",0,"","R",0,"9",0,"9",0,"8"
"353140205","SZCZECIN","2019","03","23",12.8,"",4.3,"",8.6,"",.2,"",.0,"9","",0,"9",.0,"9",3.0,"",.0,"9",.0,"9",.0,"9",.0,"9",2.0,"",12.5,"",.0,"9",.0,"9",.0,"9",.0,"9",.0,"9",.0,"9",.0,"9",.0,"9",.0,"9",.0,"9",0,"",0,"","R",0,"9",0,"9",0,"8"
"353140205","SZCZECIN","2019","03","24",10.7,"",3.4,"",5.9,"",-.8,"",.0,"","W",0,"9",.0,"9",4.3,"",.0,"9",.0,"9",.0,"9",.0,"9",.0,"9",.0,"9",.0,"9",.0,"9",.0,"9",.0,"9",.0,"9",.0,"9",.0,"9",.0,"9",.0,"9",.0,"9",0,"",0,"","R",0,"9",0,"9",0,"8"
"353140205","SZCZECIN","2019","03","25",8.2,"",1.5,"",3.6,"",-3.6,"",5.4,"","S",0,"9",.0,"9",1.8,"",2.3,"",.0,"9",1.3,"",.1,"",.0,"9",2.7,"",.0,"9",.0,"9",.0,"9",.0,"9",.0,"9",.0,"9",.0,"9",.0,"9",.0,"9",.0,"9",0,"",0,"","R",0,"9",0,"9",0,"8"
"353140205","SZCZECIN","2019","03","26",8.3,"",.9,"",4.4,"",-1.9,"",.2,"","W",0,"9",.0,"9",1.8,"",.2,"",.0,"9",.0,"9",.0,"9",.0,"9",6.0,"",.0,"9",.0,"9",.0,"9",.0,"9",.0,"9",.0,"9",.0,"9",.0,"9",.0,"9",.0,"9",0,"",0,"","R",0,"9",0,"9",0,"8"
"353140205","SZCZECIN","2019","03","27",9.1,"",.1,"",5.4,"",-4.6,"",1.8,"","W",0,"9",.0,"9",.5,"",9.1,"",.0,"9",.0,"9",.0,"9",.0,"9",15.5,"",.0,"9",.0,"9",.0,"9",.0,"9",.0,"9",.0,"9",.0,"9",.0,"9",.0,"9",.0,"9",0,"",0,"","R",0,"9",0,"9",0,"8"
"353140205","SZCZECIN","2019","03","28",9.9,"",7.6,"",8.6,"",7.2,"",.5,"","W",0,"9",.0,"9",.0,"9",2.8,"",.0,"9",.0,"9",.0,"9",.0,"9",10.5,"",.0,"9",.0,"9",.0,"9",.0,"9",.0,"9",.0,"9",.0,"9",.0,"9",.0,"9",.0,"9",0,"",0,"","R",0,"9",0,"9",0,"8"
"353140205","SZCZECIN","2019","03","29",12.2,"",7.4,"",9.5,"",6.6,"",.0,"9","",0,"9",.0,"9",.0,"9",.0,"9",.0,"9",.0,"9",.0,"9",.0,"9",.0,"9",.0,"9",.0,"9",.0,"9",.0,"9",.0,"9",.0,"9",.0,"9",.0,"9",.0,"9",.0,"9",0,"",0,"","R",0,"9",0,"9",0,"8"
"353140205","SZCZECIN","2019","03","30",17.7,"",5.9,"",11.3,"",3.8,"",.0,"9","",0,"9",.0,"9",11.2,"",.0,"9",.0,"9",.0,"9",.0,"9",.0,"9",.0,"9",.0,"9",.0,"9",.0,"9",.0,"9",.0,"9",.0,"9",.0,"9",.0,"9",.0,"9",.0,"9",0,"",0,"","R",0,"9",0,"9",0,"8"
"353140205","SZCZECIN","2019","03","31",13.1,"",5.7,"",7.0,"",1.0,"",.0,"9","",0,"9",.0,"9",7.7,"",.0,"9",.0,"9",.0,"9",.0,"9",.0,"9",4.0,"",.0,"9",.0,"9",.0,"9",.0,"9",.0,"9",.0,"9",.0,"9",.0,"9",.0,"9",.0,"9",0,"",0,"","R",0,"9",0,"9",0,"8"
"353140205","SZCZECIN","2019","04","01",10.6,"",-3.9,"",3.8,"",-7.3,"",.0,"9","",0,"9",.0,"9",12.4,"",.0,"9",.0,"9",.0,"9",.0,"9",.0,"9",.0,"9",.0,"9",.0,"9",.0,"9",.0,"9",.0,"9",.0,"9",.0,"9",.0,"9",.0,"9",6.0,"",0,"",0,"","Z",1,"",0,"9",0,"8"
"353140205","SZCZECIN","2019","04","02",13.7,"",1.0,"",7.7,"",-.4,"",.0,"9","",0,"9",.0,"9",11.3,"",.0,"9",.0,"9",.0,"9",.0,"9",.0,"9",.0,"9",.0,"9",.0,"9",.0,"9",.0,"9",.0,"9",3.3,"",.0,"9",.0,"9",.0,"9",.0,"9",0,"",0,"","R",0,"9",0,"9",0,"8"
"353140205","SZCZECIN","2019","04","03",18.2,"",6.5,"",12.0,"",5.7,"",.0,"9","",0,"9",.0,"9",8.9,"",.0,"9",.0,"9",.0,"9",.0,"9",.0,"9",.0,"9",.0,"9",.0,"9",.0,"9",.0,"9",.0,"9",.0,"9",.0,"9",.0,"9",.0,"9",.0,"9",0,"",0,"","R",0,"9",0,"9",0,"8"
"353140205","SZCZECIN","2019","04","04",20.3,"",7.7,"",14.1,"",6.3,"",.0,"9","",0,"9",.0,"9",11.1,"",.0,"9",.0,"9",.0,"9",.0,"9",.0,"9",.0,"9",.0,"9",.0,"9",.0,"9",.0,"9",.0,"9",.7,"",.0,"9",.0,"9",.0,"9",.0,"9",0,"",0,"","R",0,"9",0,"9",0,"8"
"353140205","SZCZECIN","2019","04","05",21.5,"",7.7,"",14.7,"",4.6,"",.0,"","W",0,"9",.0,"9",11.4,"",.0,"9",.0,"9",.0,"9",.0,"9",.0,"9",.0,"9",.0,"9",.0,"9",.0,"9",.0,"9",.0,"9",.0,"9",.0,"9",.0,"9",.0,"9",.0,"9",0,"",0,"","R",0,"9",0,"9",0,"8"
"353140205","SZCZECIN","2019","04","06",21.1,"",9.2,"",14.3,"",6.4,"",.0,"9","",0,"9",.0,"9",11.8,"",.1,"",.0,"9",.0,"9",.0,"9",.0,"9",.0,"9",.0,"9",.0,"9",.0,"9",.0,"9",.0,"9",.0,"9",.0,"9",.0,"9",.0,"9",.0,"9",0,"",0,"","R",0,"9",0,"9",0,"8"
"353140205","SZCZECIN","2019","04","07",19.4,"",2.3,"",11.1,"",-1.3,"",.0,"9","",0,"9",.0,"9",12.4,"",.0,"9",.0,"9",.0,"9",.0,"9",.0,"9",.0,"9",.0,"9",.0,"9",.0,"9",.0,"9",.0,"9",.0,"9",.0,"9",.0,"9",.0,"9",.0,"9",0,"",0,"","R",0,"9",0,"9",0,"8"
"353140205","SZCZECIN","2019","04","08",16.8,"",.9,"",8.3,"",-2.1,"",.0,"9","",0,"9",.0,"9",12.0,"",.0,"9",.0,"9",.0,"9",.0,"9",.0,"9",.0,"9",.0,"9",.0,"9",.0,"9",.0,"9",.0,"9",.0,"9",.0,"9",.0,"9",7.0,"",.0,"9",0,"",0,"","R",0,"9",0,"9",0,"8"
"353140205","SZCZECIN","2019","04","09",10.2,"",1.6,"",5.4,"",.1,"",.0,"9","",0,"9",.0,"9",11.6,"",.0,"9",.0,"9",.0,"9",.0,"9",.0,"9",.0,"9",.0,"9",.0,"9",.0,"9",.0,"9",.0,"9",.0,"9",.0,"9",.0,"9",.0,"9",.0,"9",0,"",0,"","R",0,"9",0,"9",0,"8"
"353140205","SZCZECIN","2019","04","10",8.6,"",.2,"",3.6,"",-.8,"",.0,"9","",0,"9",.0,"9",3.7,"",.0,"9",.0,"9",.0,"9",.0,"9",.0,"9",.0,"9",.0,"9",.0,"9",.0,"9",.0,"9",.0,"9",.0,"9",.0,"9",.0,"9",.0,"9",.0,"9",0,"",0,"","R",0,"9",0,"9",0,"8"
"353140205","SZCZECIN","2019","04","11",5.2,"",-3.0,"",2.1,"",-6.7,"",.0,"9","",0,"9",.0,"9",.0,"9",.0,"9",.0,"9",.0,"9",.0,"9",.0,"9",.0,"9",.0,"9",.0,"9",.0,"9",.0,"9",.0,"9",.0,"9",.0,"9",.0,"9",.0,"9",4.0,"",0,"",0,"","Z",1,"",0,"9",0,"8"
"353140205","SZCZECIN","2019","04","12",5.2,"",1.9,"",3.3,"",1.9,"",.0,"","S",0,"9",.0,"9",.0,"9",.0,"9",.1,"",.0,"9",.0,"9",.0,"9",.0,"9",.0,"9",.0,"9",.0,"9",.0,"9",.0,"9",.0,"9",.0,"9",.0,"9",.0,"9",.0,"9",0,"",0,"","",0,"9",0,"9",0,"8"
"353140205","SZCZECIN","2019","04","13",7.5,"",.4,"",4.2,"",-.2,"",.9,"","W",0,"9",.0,"9",5.1,"",1.7,"",.0,"9",.0,"9",.0,"9",.0,"9",.0,"9",.0,"9",.0,"9",.0,"9",.0,"9",.0,"9",.0,"9",.0,"9",.0,"9",.0,"9",.0,"9",0,"",0,"","R",0,"9",0,"9",0,"8"
"353140205","SZCZECIN","2019","04","14",13.2,"",2.0,"",6.1,"",1.7,"",.0,"","W",0,"9",.0,"9",5.1,"",6.5,"",.0,"9",.0,"9",.0,"9",.0,"9",4.2,"",.0,"9",.0,"9",.0,"9",.0,"9",.0,"9",.0,"9",.0,"9",.0,"9",.0,"9",.0,"9",0,"",0,"","R",0,"9",0,"9",0,"8"
"353140205","SZCZECIN","2019","04","15",13.0,"",.9,"",6.5,"",-1.4,"",.0,"9","",0,"9",.0,"9",13.1,"",.0,"9",.0,"9",.0,"9",.0,"9",.0,"9",.0,"9",.0,"9",.0,"9",.0,"9",.0,"9",.0,"9",.0,"9",.0,"9",.0,"9",.0,"9",.0,"9",0,"",0,"","R",0,"9",0,"9",0,"8"
"353140205","SZCZECIN","2019","04","16",15.6,"",-2.4,"",7.4,"",-3.1,"",.0,"9","",0,"9",.0,"9",13.1,"",.0,"9",.0,"9",.0,"9",.0,"9",.0,"9",.0,"9",.0,"9",.0,"9",.0,"9",.0,"9",.0,"9",.0,"9",.0,"9",.0,"9",.0,"9",.0,"9",0,"",0,"","R",0,"9",0,"9",0,"8"
"353140205","SZCZECIN","2019","04","17",18.2,"",-2.1,"",9.0,"",-3.6,"",.0,"9","",0,"9",.0,"9",10.9,"",.0,"9",.0,"9",.0,"9",.0,"9",.0,"9",.0,"9",.0,"9",.0,"9",.0,"9",.0,"9",.0,"9",.0,"9",.0,"9",.0,"9",.0,"9",.0,"9",0,"",0,"","R",0,"9",0,"9",0,"8"
"353140205","SZCZECIN","2019","04","18",20.3,"",1.0,"",11.3,"",-2.0,"",.0,"9","",0,"9",.0,"9",13.0,"",.0,"9",.0,"9",.0,"9",.0,"9",.0,"9",.0,"9",.0,"9",.0,"9",.0,"9",.0,"9",.0,"9",.0,"9",.0,"9",.0,"9",.0,"9",.0,"9",0,"",0,"","R",0,"9",0,"9",0,"8"
"353140205","SZCZECIN","2019","04","19",19.4,"",1.8,"",11.3,"",-1.0,"",.0,"9","",0,"9",.0,"9",13.4,"",.0,"9",.0,"9",.0,"9",.0,"9",.0,"9",.0,"9",.0,"9",.0,"9",.0,"9",.0,"9",.0,"9",.0,"9",.0,"9",.0,"9",6.0,"",.0,"9",0,"",0,"","R",0,"9",0,"9",0,"8"
"353140205","SZCZECIN","2019","04","20",19.8,"",.3,"",10.7,"",-1.6,"",.0,"9","",0,"9",.0,"9",13.2,"",.0,"9",.0,"9",.0,"9",.0,"9",.0,"9",.0,"9",.0,"9",.0,"9",.0,"9",.0,"9",.0,"9",.0,"9",.0,"9",.0,"9",.0,"9",.0,"9",0,"",0,"","R",0,"9",0,"9",0,"8"
"353140205","SZCZECIN","2019","04","21",19.5,"",.8,"",11.0,"",-2.1,"",.0,"9","",0,"9",.0,"9",13.4,"",.0,"9",.0,"9",.0,"9",.0,"9",.0,"9",.0,"9",.0,"9",.0,"9",.0,"9",.0,"9",.0,"9",.0,"9",.0,"9",.0,"9",4.0,"",.0,"9",0,"",0,"","R",0,"9",0,"9",0,"8"
"353140205","SZCZECIN","2019","04","22",19.0,"",.6,"",11.5,"",-2.4,"",.0,"9","",0,"9",.0,"9",13.5,"",.0,"9",.0,"9",.0,"9",.0,"9",.0,"9",.0,"9",.0,"9",.0,"9",.0,"9",.0,"9",.0,"9",.8,"",.0,"9",.0,"9",6.0,"",.0,"9",0,"",0,"","R",0,"9",0,"9",0,"8"
"353140205","SZCZECIN","2019","04","23",19.8,"",9.2,"",14.3,"",6.9,"",.4,"","W",0,"9",.0,"9",9.6,"",1.4,"",.0,"9",.0,"9",.0,"9",.0,"9",.0,"9",.0,"9",.0,"9",.0,"9",.0,"9",3.2,"",5.3,"",.0,"9",.0,"9",.0,"9",.0,"9",0,"",0,"","R",0,"9",0,"9",0,"8"
"353140205","SZCZECIN","2019","04","24",20.4,"",11.9,"",16.0,"",10.4,"",.0,"9","",0,"9",.0,"9",10.0,"",.0,"9",.0,"9",.0,"9",.0,"9",.0,"9",.0,"9",.0,"9",.0,"9",.0,"9",.0,"9",.0,"9",.7,"",.0,"9",.0,"9",.0,"9",.0,"9",0,"",0,"","R",0,"9",0,"9",0,"8"
"353140205","SZCZECIN","2019","04","25",24.8,"",11.9,"",17.5,"",10.2,"",.0,"","W",0,"9",.0,"9",10.5,"",.1,"",.0,"9",.0,"9",.0,"9",.0,"9",.0,"9",.0,"9",.0,"9",.0,"9",.0,"9",.0,"9",.0,"9",.0,"9",.0,"9",.0,"9",.0,"9",0,"",0,"","R",0,"9",0,"9",0,"8"
"353140205","SZCZECIN","2019","04","26",27.6,"",9.6,"",18.9,"",6.7,"",7.3,"","W",0,"9",.0,"9",10.0,"",.0,"9",.0,"9",.0,"9",.0,"9",.0,"9",3.8,"",.0,"9",.0,"9",.0,"9",.0,"9",.0,"9",.0,"9",.0,"9",.0,"9",.0,"9",.0,"9",0,"",0,"","R",0,"9",0,"9",0,"8"
"353140205","SZCZECIN","2019","04","27",21.9,"",9.6,"",12.6,"",9.6,"",.7,"","W",0,"9",.0,"9",1.1,"",7.0,"",.0,"9",.0,"9",.0,"9",.0,"9",6.5,"",.0,"9",.0,"9",.0,"9",.0,"9",.0,"9",.0,"9",.0,"9",.5,"",.0,"9",.0,"9",0,"",0,"","R",0,"9",0,"9",0,"8"
"353140205","SZCZECIN","2019","04","28",13.9,"",9.4,"",11.7,"",8.7,"",1.3,"","W",0,"9",.0,"9",3.0,"",4.4,"",.0,"9",.0,"9",.0,"9",.0,"9",3.5,"",.0,"9",.0,"9",.0,"9",.0,"9",.0,"9",.0,"9",.0,"9",.0,"9",.0,"9",.0,"9",0,"",0,"","R",0,"9",0,"9",0,"8"
"353140205","SZCZECIN","2019","04","29",18.1,"",8.8,"",11.1,"",8.8,"",.1,"","W",0,"9",.0,"9",7.9,"",3.5,"",.0,"9",.0,"9",.0,"9",.0,"9",7.5,"",.0,"9",.0,"9",.0,"9",.0,"9",.0,"9",.0,"9",.0,"9",.0,"9",.0,"9",.0,"9",0,"",0,"","R",0,"9",0,"9",0,"8"
"353140205","SZCZECIN","2019","04","30",15.9,"",5.4,"",10.3,"",4.4,"",.0,"9","",0,"9",.0,"9",13.2,"",.0,"9",.0,"9",.0,"9",.0,"9",.0,"9",.0,"9",.0,"9",.0,"9",.0,"9",.0,"9",.0,"9",.0,"9",.0,"9",.0,"9",.0,"9",.0,"9",0,"",0,"","R",0,"9",0,"9",0,"8"
"353140205","SZCZECIN","2019","05","01",16.8,"",5.0,"",11.4,"",2.7,"",.0,"9","",0,"9",.0,"9",7.2,"",.0,"9",.0,"9",.0,"9",.0,"9",.0,"9",4.0,"",.0,"9",.0,"9",.0,"9",.0,"9",.0,"9",.0,"9",.0,"9",.0,"9",.0,"9",.0,"9",0,"",0,"","R",0,"9",0,"9",0,"8"
"353140205","SZCZECIN","2019","05","02",13.1,"",7.7,"",9.9,"",7.8,"",1.3,"","W",0,"9",.0,"9",.0,"9",1.4,"",.0,"9",.0,"9",.0,"9",.0,"9",2.0,"",.0,"9",.0,"9",.0,"9",.0,"9",.0,"9",.0,"9",.0,"9",.0,"9",.0,"9",.0,"9",0,"",0,"","R",0,"9",0,"9",0,"8"
"353140205","SZCZECIN","2019","05","03",11.8,"",4.4,"",7.9,"",3.4,"",.0,"9","",0,"9",.0,"9",6.4,"",.0,"9",.0,"9",.0,"9",.0,"9",.0,"9",.0,"9",.0,"9",.0,"9",.0,"9",.0,"9",.0,"9",.0,"9",.0,"9",.0,"9",.0,"9",.0,"9",0,"",0,"","R",0,"9",0,"9",0,"8"
"353140205","SZCZECIN","2019","05","04",11.1,"",3.1,"",6.2,"",2.0,"",.0,"","W",0,"9",.0,"9",8.4,"",.3,"",.0,"9",.0,"9",.0,"9",.0,"9",.0,"9",.0,"9",.0,"9",.0,"9",.0,"9",.0,"9",.0,"9",.0,"9",.0,"9",.0,"9",.0,"9",0,"",0,"","R",0,"9",0,"9",0,"8"
"353140205","SZCZECIN","2019","05","05",12.1,"",.6,"",6.0,"",-3.0,"",.0,"9","",0,"9",.0,"9",11.3,"",.0,"9",.0,"9",.0,"9",.0,"9",.0,"9",.0,"9",.0,"9",.0,"9",.0,"9",.0,"9",.0,"9",.0,"9",.0,"9",.0,"9",4.0,"",.0,"9",0,"",0,"","R",0,"9",0,"9",0,"8"
"353140205","SZCZECIN","2019","05","06",12.8,"",1.9,"",7.5,"",-3.1,"",.2,"","W",0,"9",.0,"9",6.1,"",.6,"",.0,"9",.0,"9",.0,"9",.0,"9",.0,"9",.0,"9",.0,"9",.0,"9",.0,"9",.0,"9",.0,"9",.0,"9",.0,"9",7.0,"",.0,"9",0,"",0,"","R",0,"9",0,"9",0,"8"
"353140205","SZCZECIN","2019","05","07",12.5,"",3.9,"",8.2,"",2.0,"",.0,"9","",0,"9",.0,"9",8.5,"",.0,"9",.0,"9",.0,"9",.0,"9",.0,"9",.0,"9",.0,"9",.0,"9",.0,"9",.0,"9",.0,"9",.0,"9",.0,"9",.0,"9",7.0,"",.0,"9",0,"",0,"","R",0,"9",0,"9",0,"8"
"353140205","SZCZECIN","2019","05","08",17.2,"",-1.2,"",10.3,"",-4.3,"",1.4,"","W",0,"9",.0,"9",8.9,"",.8,"",.0,"9",.0,"9",.0,"9",.0,"9",.0,"9",.0,"9",.0,"9",.0,"9",.0,"9",.0,"9",.0,"9",.0,"9",.0,"9",.0,"9",.0,"9",0,"",0,"","R",0,"9",0,"9",0,"8"
"353140205","SZCZECIN","2019","05","09",15.1,"",9.7,"",11.3,"",9.4,"",11.2,"","W",0,"9",.0,"9",.4,"",10.5,"",.0,"9",.0,"9",.0,"9",.8,"",.0,"9",.0,"9",.0,"9",.0,"9",.0,"9",.0,"9",.0,"9",.0,"9",.0,"9",.0,"9",.0,"9",0,"",0,"","R",0,"9",0,"9",0,"8"
"353140205","SZCZECIN","2019","05","10",17.9,"",4.4,"",10.1,"",2.2,"",11.5,"","W",0,"9",.0,"9",3.0,"",2.3,"",.0,"9",.0,"9",.0,"9",7.7,"",3.3,"",.0,"9",.0,"9",.0,"9",.0,"9",.0,"9",.0,"9",.0,"9",.7,"",.0,"9",.0,"9",0,"",0,"","R",0,"9",0,"9",0,"8"
"353140205","SZCZECIN","2019","05","11",14.6,"",4.6,"",9.7,"",1.6,"",.0,"9","",0,"9",.0,"9",10.2,"",.0,"9",.0,"9",.0,"9",.0,"9",.0,"9",.0,"9",.0,"9",.0,"9",.0,"9",.0,"9",.0,"9",.0,"9",.0,"9",.0,"9",.0,"9",.0,"9",0,"",0,"","R",0,"9",0,"9",0,"8"
"353140205","SZCZECIN","2019","05","12",14.4,"",7.4,"",10.6,"",6.4,"",.0,"9","",0,"9",.0,"9",9.3,"",.0,"9",.0,"9",.0,"9",.0,"9",.0,"9",.0,"9",.0,"9",.0,"9",.0,"9",.0,"9",.0,"9",.0,"9",.0,"9",.0,"9",5.0,"",.0,"9",0,"",0,"","R",0,"9",0,"9",0,"8"
"353140205","SZCZECIN","2019","05","13",14.2,"",3.1,"",8.9,"",-1.8,"",.0,"9","",0,"9",.0,"9",8.7,"",.0,"9",.0,"9",.0,"9",.0,"9",.0,"9",.0,"9",.0,"9",.0,"9",.0,"9",.0,"9",.0,"9",.0,"9",.0,"9",.0,"9",8.0,"",.0,"9",0,"",0,"","R",0,"9",0,"9",0,"8"
"353140205","SZCZECIN","2019","05","14",12.6,"",3.3,"",9.2,"",.4,"",.0,"9","",0,"9",.0,"9",9.7,"",.0,"9",.0,"9",.0,"9",.0,"9",.0,"9",.0,"9",.0,"9",.0,"9",.0,"9",.0,"9",.0,"9",.0,"9",.0,"9",.0,"9",.0,"9",.0,"9",0,"",0,"","R",0,"9",0,"9",0,"8"
"353140205","SZCZECIN","2019","05","15",13.0,"",5.2,"",9.1,"",3.6,"",11.3,"","W",0,"9",.0,"9",5.0,"",3.2,"",.0,"9",.0,"9",.0,"9",.0,"9",.0,"9",.0,"9",.0,"9",.0,"9",.0,"9",.0,"9",.0,"9",.0,"9",.0,"9",.0,"9",.0,"9",0,"",0,"","R",0,"9",0,"9",0,"8"
"353140205","SZCZECIN","2019","05","16",12.6,"",7.5,"",10.3,"",6.9,"",15.3,"","W",0,"9",.0,"9",.0,"9",14.6,"",.0,"9",.0,"9",.0,"9",.0,"9",17.8,"",.0,"9",.0,"9",.0,"9",.0,"9",.0,"9",.0,"9",.0,"9",.0,"9",.0,"9",.0,"9",0,"",0,"","R",0,"9",0,"9",0,"8"
"353140205","SZCZECIN","2019","05","17",17.5,"",10.7,"",13.6,"",8.8,"",.0,"9","",0,"9",.0,"9",2.1,"",.0,"9",.0,"9",.0,"9",.0,"9",1.7,"",19.3,"",.0,"9",.0,"9",.0,"9",.0,"9",.0,"9",.0,"9",.0,"9",.0,"9",.0,"9",.0,"9",0,"",0,"","R",0,"9",0,"9",0,"8"
"353140205","SZCZECIN","2019","05","18",23.4,"",9.6,"",16.7,"",8.1,"",.0,"9","",0,"9",.0,"9",12.2,"",.0,"9",.0,"9",.0,"9",.0,"9",.0,"9",10.0,"",.0,"9",.0,"9",.0,"9",.0,"9",.0,"9",.0,"9",.0,"9",.0,"9",1.8,"",.0,"9",0,"",0,"","R",0,"9",0,"9",0,"8"
"353140205","SZCZECIN","2019","05","19",23.8,"",10.0,"",17.9,"",8.3,"",.4,"","W",0,"9",.0,"9",10.0,"",.2,"",.0,"9",.0,"9",.0,"9",.0,"9",9.3,"",.0,"9",.0,"9",.0,"9",.0,"9",.0,"9",.0,"9",.0,"9",1.1,"",.0,"9",.0,"9",0,"",0,"","R",0,"9",0,"9",0,"8"
"353140205","SZCZECIN","2019","05","20",24.8,"",12.1,"",17.5,"",11.3,"",14.3,"","W",0,"9",.0,"9",7.0,"",1.7,"",.0,"9",.0,"9",.0,"9",3.6,"",9.5,"",.0,"9",.0,"9",.0,"9",.0,"9",.0,"9",.0,"9",.0,"9",1.6,"",.0,"9",.0,"9",0,"",0,"","R",0,"9",0,"9",0,"8"
"353140205","SZCZECIN","2019","05","21",24.5,"",11.9,"",17.8,"",12.4,"",.0,"","W",0,"9",.0,"9",9.7,"",1.2,"",.0,"9",.0,"9",.0,"9",5.1,"",1.4,"",.0,"9",.0,"9",.0,"9",.0,"9",.0,"9",.0,"9",.0,"9",.0,"9",.0,"9",.0,"9",0,"",0,"","R",0,"9",0,"9",0,"8"
"353140205","SZCZECIN","2019","05","22",19.4,"",12.3,"",14.0,"",12.2,"",1.8,"","W",0,"9",.0,"9",.0,"9",1.6,"",.0,"9",.0,"9",.0,"9",.0,"9",10.4,"",.0,"9",.0,"9",.0,"9",.0,"9",.0,"9",.0,"9",.0,"9",.0,"9",.0,"9",.0,"9",0,"",0,"","R",0,"9",0,"9",0,"8"
"353140205","SZCZECIN","2019","05","23",17.6,"",10.8,"",13.6,"",10.9,"",.0,"9","",0,"9",.0,"9",11.1,"",.0,"9",.0,"9",.0,"9",.0,"9",.0,"9",.8,"",.0,"9",.0,"9",.0,"9",.0,"9",.0,"9",.0,"9",.0,"9",.0,"9",4.0,"",.0,"9",0,"",0,"","R",0,"9",0,"9",0,"8"
"353140205","SZCZECIN","2019","05","24",22.5,"",6.6,"",16.2,"",4.9,"",.0,"9","",0,"9",.0,"9",13.3,"",.0,"9",.0,"9",.0,"9",.0,"9",.0,"9",.8,"",.0,"9",.0,"9",.0,"9",.0,"9",.0,"9",.0,"9",.0,"9",.0,"9",14.0,"",.0,"9",0,"",0,"","R",0,"9",0,"9",0,"8"
"353140205","SZCZECIN","2019","05","25",20.5,"",9.4,"",13.0,"",6.7,"",.0,"9","",0,"9",.0,"9",.2,"",.0,"9",.0,"9",.0,"9",.0,"9",.0,"9",.0,"9",.0,"9",.0,"9",.0,"9",.0,"9",.0,"9",.0,"9",.0,"9",.0,"9",8.0,"",.0,"9",0,"",0,"","R",0,"9",0,"9",0,"8"
"353140205","SZCZECIN","2019","05","26",19.0,"",8.5,"",14.7,"",5.1,"",.0,"9","",0,"9",.0,"9",1.6,"",.0,"9",.0,"9",.0,"9",.0,"9",.0,"9",.0,"9",.0,"9",.0,"9",.0,"9",.0,"9",.0,"9",.0,"9",.0,"9",.0,"9",6.0,"",.0,"9",0,"",0,"","R",0,"9",0,"9",0,"8"
"353140205","SZCZECIN","2019","05","27",20.3,"",15.4,"",17.0,"",14.9,"",.0,"","W",0,"9",.0,"9",1.7,"",2.5,"",.0,"9",.0,"9",.0,"9",.0,"9",.0,"9",.0,"9",.0,"9",.0,"9",.0,"9",.0,"9",.0,"9",.0,"9",.0,"9",.0,"9",.0,"9",0,"",0,"","R",0,"9",0,"9",0,"8"
"353140205","SZCZECIN","2019","05","28",18.4,"",12.7,"",13.8,"",12.4,"",.0,"9","",0,"9",.0,"9",1.3,"",.0,"9",.0,"9",.0,"9",.0,"9",.0,"9",.0,"9",.0,"9",.0,"9",.0,"9",.0,"9",.0,"9",.0,"9",.0,"9",.0,"9",4.0,"",.0,"9",0,"",0,"","R",0,"9",0,"9",0,"8"
"353140205","SZCZECIN","2019","05","29",15.0,"",6.7,"",10.7,"",2.8,"",.0,"9","",0,"9",.0,"9",10.0,"",.0,"9",.0,"9",.0,"9",.0,"9",.0,"9",.0,"9",.0,"9",.0,"9",.0,"9",.0,"9",.0,"9",.0,"9",.0,"9",.0,"9",11.0,"",.0,"9",0,"",0,"","R",0,"9",0,"9",0,"8"
"353140205","SZCZECIN","2019","05","30",21.3,"",2.6,"",14.2,"",.4,"",.0,"9","",0,"9",.0,"9",11.1,"",.0,"9",.0,"9",.0,"9",.0,"9",.0,"9",.0,"9",.0,"9",.0,"9",.0,"9",.0,"9",.0,"9",.0,"9",.0,"9",.0,"9",.8,"",.0,"9",0,"",0,"","R",0,"9",0,"9",0,"8"
"353140205","SZCZECIN","2019","05","31",23.1,"",15.2,"",18.4,"",14.7,"",.0,"","W",0,"9",.0,"9",3.8,"",.3,"",.0,"9",.0,"9",.0,"9",.0,"9",4.8,"",.0,"9",.0,"9",.0,"9",.0,"9",.0,"9",.0,"9",.0,"9",.0,"9",.0,"9",.0,"9",0,"",0,"","R",0,"9",0,"9",0,"8"
"353140205","SZCZECIN","2019","06","01",25.6,"",11.8,"",19.5,"",10.0,"",.0,"9","",0,"9",.0,"9",10.6,"",.0,"9",.0,"9",.0,"9",.0,"9",1.0,"",5.2,"",.0,"9",.0,"9",.0,"9",.0,"9",.0,"9",.0,"9",.0,"9",.0,"9",3.0,"",.0,"9",0,"",0,"","R",0,"9",0,"9",0,"8"
"353140205","SZCZECIN","2019","06","02",27.5,"",11.7,"",20.9,"",8.2,"",.0,"9","",0,"9",.0,"9",14.1,"",.0,"9",.0,"9",.0,"9",.0,"9",.0,"9",.0,"9",.0,"9",.0,"9",.0,"9",.0,"9",.0,"9",.0,"9",.0,"9",.0,"9",1.2,"",.0,"9",0,"",0,"","R",0,"9",0,"9",0,"8"
"353140205","SZCZECIN","2019","06","03",32.2,"",18.4,"",25.3,"",15.3,"",.0,"9","",0,"9",.0,"9",13.1,"",.0,"9",.0,"9",.0,"9",.0,"9",.0,"9",.0,"9",.0,"9",.0,"9",.0,"9",.0,"9",.0,"9",.0,"9",.0,"9",.0,"9",4.0,"",.0,"9",0,"",0,"","R",0,"9",0,"9",0,"8"
"353140205","SZCZECIN","2019","06","04",28.3,"",16.5,"",21.9,"",13.6,"",.0,"9","",0,"9",.0,"9",14.0,"",.0,"9",.0,"9",.0,"9",.0,"9",.0,"9",.0,"9",.0,"9",.0,"9",.0,"9",.0,"9",.0,"9",.0,"9",.0,"9",.0,"9",9.0,"",.0,"9",0,"",0,"","R",0,"9",0,"9",0,"8"
"353140205","SZCZECIN","2019","06","05",30.9,"",17.0,"",24.8,"",15.5,"",.0,"9","",0,"9",.0,"9",14.3,"",.0,"9",.0,"9",.0,"9",.0,"9",.0,"9",.0,"9",.0,"9",.0,"9",.0,"9",.0,"9",.0,"9",.0,"9",.0,"9",.0,"9",6.0,"",.0,"9",0,"",0,"","R",0,"9",0,"9",0,"8"
"353140205","SZCZECIN","2019","06","06",30.3,"",17.1,"",22.6,"",13.4,"",19.2,"","W",0,"9",.0,"9",11.0,"",5.4,"",.0,"9",.0,"9",.0,"9",.0,"9",2.5,"",.0,"9",.0,"9",.0,"9",.0,"9",.0,"9",.0,"9",.0,"9",3.9,"",.0,"9",.0,"9",0,"",0,"","R",0,"9",0,"9",0,"8"
"353140205","SZCZECIN","2019","06","07",23.5,"",14.3,"",18.3,"",14.2,"",.0,"9","",0,"9",.0,"9",10.1,"",.3,"",.0,"9",.0,"9",.0,"9",.0,"9",.0,"9",.0,"9",.0,"9",.0,"9",.0,"9",.0,"9",.0,"9",.0,"9",.0,"9",4.0,"",.0,"9",0,"",0,"","R",0,"9",0,"9",0,"8"
"353140205","SZCZECIN","2019","06","08",22.1,"",15.5,"",18.6,"",12.5,"",.0,"","W",0,"9",.0,"9",6.1,"",.1,"",.0,"9",.0,"9",.0,"9",.0,"9",.0,"9",.0,"9",.0,"9",.0,"9",.0,"9",.0,"9",.0,"9",.0,"9",.0,"9",6.0,"",.0,"9",0,"",0,"","R",0,"9",0,"9",0,"8"
"353140205","SZCZECIN","2019","06","09",24.0,"",13.1,"",18.9,"",8.2,"",1.0,"","W",0,"9",.0,"9",13.7,"",.0,"9",.0,"9",.0,"9",.0,"9",.0,"9",.0,"9",.0,"9",.0,"9",.0,"9",.0,"9",.0,"9",.0,"9",.0,"9",.0,"9",.0,"9",.0,"9",0,"",0,"","R",0,"9",0,"9",0,"8"
"353140205","SZCZECIN","2019","06","10",23.1,"",15.2,"",19.5,"",15.0,"",17.3,"","W",0,"9",.0,"9",4.2,"",2.8,"",.0,"9",.0,"9",.0,"9",.0,"9",1.0,"",.0,"9",.0,"9",.0,"9",.0,"9",.0,"9",.0,"9",.0,"9",.3,"",.0,"9",.0,"9",0,"",0,"","R",0,"9",0,"9",0,"8"
"353140205","SZCZECIN","2019","06","11",30.2,"",17.5,"",23.9,"",16.6,"",.2,"","W",0,"9",.0,"9",12.1,"",2.8,"",.0,"9",.0,"9",.0,"9",.0,"9",.6,"",.0,"9",.0,"9",.0,"9",.0,"9",.0,"9",.0,"9",.0,"9",3.3,"",.0,"9",.0,"9",0,"",0,"","R",0,"9",0,"9",0,"8"
"353140205","SZCZECIN","2019","06","12",32.2,"",18.8,"",24.6,"",18.9,"",3.1,"","W",0,"9",.0,"9",11.1,"",.6,"",.0,"9",.0,"9",.0,"9",.0,"9",.0,"9",.0,"9",.0,"9",.0,"9",.0,"9",.0,"9",.1,"",.0,"9",1.2,"",.0,"9",.0,"9",0,"",0,"","R",0,"9",0,"9",0,"8"
"353140205","SZCZECIN","2019","06","13",28.8,"",16.6,"",19.8,"",16.6,"",.0,"9","",0,"9",.0,"9",11.2,"",.0,"9",.0,"9",.0,"9",.0,"9",.0,"9",.0,"9",.0,"9",.0,"9",.0,"9",.0,"9",.0,"9",.0,"9",.0,"9",.0,"9",.0,"9",.0,"9",0,"",0,"","R",0,"9",0,"9",0,"8"
"353140205","SZCZECIN","2019","06","14",27.9,"",15.4,"",21.8,"",14.0,"",.0,"","W",0,"9",.0,"9",10.9,"",.0,"9",.0,"9",.0,"9",.0,"9",.0,"9",.0,"9",.0,"9",.0,"9",.0,"9",.0,"9",.0,"9",.0,"9",.0,"9",.0,"9",4.0,"",.0,"9",0,"",0,"","R",0,"9",0,"9",0,"8"
"353140205","SZCZECIN","2019","06","15",31.7,"",18.9,"",24.3,"",17.0,"",.1,"","W",0,"9",.0,"9",5.9,"",.6,"",.0,"9",.0,"9",.0,"9",.0,"9",.0,"9",.0,"9",.0,"9",.0,"9",.0,"9",.0,"9",.2,"",.0,"9",1.4,"",3.5,"",.0,"9",0,"",0,"","R",0,"9",0,"9",0,"8"
"353140205","SZCZECIN","2019","06","16",24.6,"",16.6,"",19.4,"",15.7,"",.0,"9","",0,"9",.0,"9",8.5,"",.0,"9",.0,"9",.0,"9",.0,"9",.0,"9",.0,"9",.0,"9",.0,"9",.0,"9",.0,"9",.0,"9",.0,"9",.0,"9",.0,"9",3.0,"",.0,"9",0,"",0,"","R",0,"9",0,"9",0,"8"
"353140205","SZCZECIN","2019","06","17",25.6,"",12.7,"",19.7,"",10.7,"",.0,"9","",0,"9",.0,"9",11.6,"",.0,"9",.0,"9",.0,"9",.0,"9",.0,"9",.0,"9",.0,"9",.0,"9",.0,"9",.0,"9",.0,"9",.0,"9",.0,"9",.0,"9",12.0,"",.0,"9",0,"",0,"","R",0,"9",0,"9",0,"8"
"353140205","SZCZECIN","2019","06","18",27.7,"",15.5,"",22.4,"",13.9,"",.0,"9","",0,"9",.0,"9",14.5,"",.0,"9",.0,"9",.0,"9",.0,"9",.0,"9",.0,"9",.0,"9",.0,"9",.0,"9",.0,"9",.0,"9",.0,"9",.0,"9",.0,"9",7.0,"",.0,"9",0,"",0,"","R",0,"9",0,"9",0,"8"
"353140205","SZCZECIN","2019","06","19",30.0,"",17.4,"",24.2,"",14.8,"",.0,"9","",0,"9",.0,"9",11.7,"",.0,"9",.0,"9",.0,"9",.0,"9",.0,"9",.0,"9",.0,"9",.0,"9",.0,"9",.0,"9",.0,"9",.0,"9",.0,"9",.0,"9",.0,"9",.0,"9",0,"",0,"","R",0,"9",0,"9",0,"8"
"353140205","SZCZECIN","2019","06","20",28.0,"",18.6,"",22.0,"",15.6,"",26.7,"","W",0,"9",.0,"9",6.2,"",.3,"",.0,"9",.0,"9",.0,"9",.0,"9",.0,"9",.0,"9",.0,"9",.0,"9",.0,"9",.0,"9",.0,"9",.0,"9",.0,"9",.0,"9",.0,"9",0,"",0,"","R",0,"9",0,"9",0,"8"
"353140205","SZCZECIN","2019","06","21",24.3,"",15.2,"",19.2,"",14.7,"",3.2,"","W",0,"9",.0,"9",6.5,"",2.8,"",.0,"9",.0,"9",.0,"9",.0,"9",.0,"9",.0,"9",.0,"9",.0,"9",.0,"9",.0,"9",.0,"9",.0,"9",.8,"",.0,"9",.0,"9",0,"",0,"","R",0,"9",0,"9",0,"8"
"353140205","SZCZECIN","2019","06","22",22.7,"",14.0,"",18.6,"",12.4,"",.0,"9","",0,"9",.0,"9",14.9,"",.0,"9",.0,"9",.0,"9",.0,"9",.0,"9",.0,"9",.0,"9",.0,"9",.0,"9",.0,"9",.0,"9",.0,"9",.0,"9",.0,"9",.0,"9",.0,"9",0,"",0,"","R",0,"9",0,"9",0,"8"
"353140205","SZCZECIN","2019","06","23",24.9,"",11.7,"",19.2,"",9.5,"",.0,"9","",0,"9",.0,"9",15.1,"",.0,"9",.0,"9",.0,"9",.0,"9",.0,"9",.0,"9",.0,"9",.0,"9",.0,"9",.0,"9",.0,"9",.0,"9",.0,"9",.0,"9",4.0,"",.0,"9",0,"",0,"","R",0,"9",0,"9",0,"8"
"353140205","SZCZECIN","2019","06","24",27.0,"",11.4,"",20.8,"",9.8,"",.0,"9","",0,"9",.0,"9",14.9,"",.0,"9",.0,"9",.0,"9",.0,"9",.0,"9",.0,"9",.0,"9",.0,"9",.0,"9",.0,"9",.0,"9",.0,"9",.0,"9",.0,"9",6.0,"",.0,"9",0,"",0,"","R",0,"9",0,"9",0,"8"
"353140205","SZCZECIN","2019","06","25",31.3,"",16.5,"",24.6,"",14.7,"",.0,"9","",0,"9",.0,"9",14.2,"",.0,"9",.0,"9",.0,"9",.0,"9",.0,"9",.0,"9",.0,"9",.0,"9",.0,"9",.0,"9",.0,"9",.0,"9",.0,"9",.0,"9",6.0,"",.0,"9",0,"",0,"","R",0,"9",0,"9",0,"8"
"353140205","SZCZECIN","2019","06","26",34.7,"",17.4,"",26.9,"",14.9,"",.0,"9","",0,"9",.0,"9",14.3,"",.0,"9",.0,"9",.0,"9",.0,"9",.0,"9",.0,"9",.0,"9",.0,"9",.0,"9",.0,"9",.0,"9",.0,"9",.0,"9",.0,"9",.0,"9",.0,"9",0,"",0,"","R",0,"9",0,"9",0,"8"
"353140205","SZCZECIN","2019","06","27",29.8,"",15.4,"",18.8,"",15.9,"",.0,"9","",0,"9",.0,"9",11.7,"",.0,"9",.0,"9",.0,"9",.0,"9",.0,"9",.0,"9",.0,"9",.0,"9",.0,"9",.0,"9",.0,"9",.0,"9",.0,"9",.0,"9",.0,"9",.0,"9",0,"",0,"","R",0,"9",0,"9",0,"8"
"353140205","SZCZECIN","2019","06","28",22.8,"",14.5,"",18.3,"",13.1,"",.0,"","W",0,"9",.0,"9",9.9,"",.0,"",.0,"9",.0,"9",.0,"9",.0,"9",.0,"9",.0,"9",.0,"9",.0,"9",.0,"9",.0,"9",.0,"9",.0,"9",.0,"9",4.0,"",.0,"9",0,"",0,"","R",0,"9",0,"9",0,"8"
"353140205","SZCZECIN","2019","06","29",28.8,"",11.0,"",20.5,"",8.7,"",.0,"9","",0,"9",.0,"9",14.8,"",.0,"9",.0,"9",.0,"9",.0,"9",.0,"9",.0,"9",.0,"9",.0,"9",.0,"9",.0,"9",.0,"9",.0,"9",.0,"9",.0,"9",3.5,"",.0,"9",0,"",0,"","R",0,"9",0,"9",0,"8"
"353140205","SZCZECIN","2019","06","30",35.1,"",12.2,"",25.6,"",10.2,"",.0,"","W",0,"9",.0,"9",14.3,"",.0,"9",.0,"9",.0,"9",.0,"9",.0,"9",.0,"9",.0,"9",.0,"9",.0,"9",.0,"9",.0,"9",.0,"9",.0,"9",.0,"9",1.5,"",.0,"9",0,"",0,"","R",0,"9",0,"9",0,"8"
"353140205","SZCZECIN","2019","07","01",32.5,"",16.4,"",21.6,"",13.4,"",.0,"9","",0,"9",.0,"9",9.6,"",.1,"",.0,"9",.0,"9",.0,"9",.0,"9",.0,"9",.0,"9",.0,"9",.0,"9",.0,"9",.0,"9",.0,"9",.0,"9",.0,"9",.0,"9",.0,"9",0,"",0,"","R",0,"9",0,"9",0,"8"
"353140205","SZCZECIN","2019","07","02",24.7,"",13.3,"",16.5,"",11.5,"",.0,"9","",0,"9",.0,"9",4.2,"",.0,"9",.0,"9",.0,"9",.0,"9",.0,"9",.0,"9",.0,"9",.0,"9",.0,"9",.0,"9",.0,"9",.0,"9",.0,"9",.0,"9",.0,"9",.0,"9",0,"",0,"","R",0,"9",0,"9",0,"8"
"353140205","SZCZECIN","2019","07","03",19.4,"",9.8,"",15.0,"",8.7,"",.0,"","W",0,"9",.0,"9",7.6,"",.2,"",.0,"9",.0,"9",.0,"9",.0,"9",.0,"9",.0,"9",.0,"9",.0,"9",.0,"9",.0,"9",.0,"9",.0,"9",.0,"9",.0,"9",.0,"9",0,"",0,"","R",0,"9",0,"9",0,"8"
"353140205","SZCZECIN","2019","07","04",19.5,"",9.6,"",15.6,"",6.4,"",1.9,"","W",0,"9",.0,"9",4.8,"",1.4,"",.0,"9",.0,"9",.0,"9",.0,"9",.0,"9",.0,"9",.0,"9",.0,"9",.0,"9",.0,"9",.0,"9",.0,"9",.0,"9",6.0,"",.0,"9",0,"",0,"","R",0,"9",0,"9",0,"8"
"353140205","SZCZECIN","2019","07","05",18.7,"",13.4,"",15.0,"",13.8,"",2.4,"","W",0,"9",.0,"9",1.3,"",10.4,"",.0,"9",.0,"9",.0,"9",.0,"9",5.0,"",.0,"9",.0,"9",.0,"9",.0,"9",.0,"9",.0,"9",.0,"9",.0,"9",.0,"9",.0,"9",0,"",0,"","R",0,"9",0,"9",0,"8"
"353140205","SZCZECIN","2019","07","06",19.4,"",14.0,"",16.2,"",13.4,"",.0,"","W",0,"9",.0,"9",.0,"9",1.3,"",.0,"9",.0,"9",.0,"9",.0,"9",.0,"9",.0,"9",.0,"9",.0,"9",.0,"9",.0,"9",.0,"9",.0,"9",.0,"9",.0,"9",.0,"9",0,"",0,"","R",0,"9",0,"9",0,"8"
"353140205","SZCZECIN","2019","07","07",16.9,"",11.0,"",13.7,"",10.2,"",.0,"","W",0,"9",.0,"9",.1,"",.1,"",.0,"9",.0,"9",.0,"9",.0,"9",.0,"9",.0,"9",.0,"9",.0,"9",.0,"9",.0,"9",.0,"9",.0,"9",.0,"9",.0,"9",.0,"9",0,"",0,"","R",0,"9",0,"9",0,"8"
"353140205","SZCZECIN","2019","07","08",19.8,"",11.1,"",14.7,"",9.3,"",.0,"9","",0,"9",.0,"9",1.9,"",.0,"9",.0,"9",.0,"9",.0,"9",.0,"9",.0,"9",.0,"9",.0,"9",.0,"9",.0,"9",.0,"9",.0,"9",.0,"9",.0,"9",6.0,"",.0,"9",0,"",0,"","R",0,"9",0,"9",0,"8"
"353140205","SZCZECIN","2019","07","09",19.9,"",11.8,"",15.8,"",10.8,"",.0,"9","",0,"9",.0,"9",5.8,"",.0,"9",.0,"9",.0,"9",.0,"9",.0,"9",.0,"9",.0,"9",.0,"9",.0,"9",.0,"9",.0,"9",.0,"9",.0,"9",.0,"9",6.0,"",.0,"9",0,"",0,"","R",0,"9",0,"9",0,"8"
"353140205","SZCZECIN","2019","07","10",21.9,"",13.3,"",17.6,"",10.1,"",.0,"9","",0,"9",.0,"9",6.9,"",.0,"9",.0,"9",.0,"9",.0,"9",.0,"9",.0,"9",.0,"9",.0,"9",.0,"9",.0,"9",.0,"9",.0,"9",.0,"9",.0,"9",.0,"9",.0,"9",0,"",0,"","R",0,"9",0,"9",0,"8"
"353140205","SZCZECIN","2019","07","11",23.5,"",10.9,"",18.0,"",7.6,"",.0,"9","",0,"9",.0,"9",14.7,"",.0,"9",.0,"9",.0,"9",.0,"9",.0,"9",.0,"9",.0,"9",.0,"9",.0,"9",.0,"9",.0,"9",.0,"9",.0,"9",.0,"9",2.0,"",.0,"9",0,"",0,"","R",0,"9",0,"9",0,"8"
"353140205","SZCZECIN","2019","07","12",22.1,"",10.7,"",16.7,"",8.1,"",.0,"9","",0,"9",.0,"9",2.7,"",.0,"9",.0,"9",.0,"9",.0,"9",.0,"9",.0,"9",.0,"9",.0,"9",.0,"9",.0,"9",.0,"9",.0,"9",.0,"9",.0,"9",7.0,"",.0,"9",0,"",0,"","R",0,"9",0,"9",0,"8"
"353140205","SZCZECIN","2019","07","13",24.1,"",12.9,"",18.7,"",10.3,"",.0,"","W",0,"9",.0,"9",12.8,"",.0,"9",.0,"9",.0,"9",.0,"9",.0,"9",1.2,"",.0,"9",.0,"9",.0,"9",.0,"9",.0,"9",.0,"9",.0,"9",.3,"",3.0,"",.0,"9",0,"",0,"","R",0,"9",0,"9",0,"8"
"353140205","SZCZECIN","2019","07","14",22.6,"",14.6,"",18.4,"",11.9,"",.8,"","W",0,"9",.0,"9",10.7,"",.3,"",.0,"9",.0,"9",.0,"9",.0,"9",.0,"9",.0,"9",.0,"9",.0,"9",.0,"9",.0,"9",.0,"9",.0,"9",.2,"",2.6,"",.0,"9",0,"",0,"","R",0,"9",0,"9",0,"8"
"353140205","SZCZECIN","2019","07","15",19.7,"",15.6,"",16.6,"",14.9,"",.0,"9","",0,"9",.0,"9",.2,"",.0,"9",.0,"9",.0,"9",.0,"9",.0,"9",.0,"9",.0,"9",.0,"9",.0,"9",.0,"9",.0,"9",.0,"9",.0,"9",.0,"9",.0,"9",.0,"9",0,"",0,"","R",0,"9",0,"9",0,"8"
"353140205","SZCZECIN","2019","07","16",20.0,"",14.3,"",16.3,"",14.1,"",.0,"9","",0,"9",.0,"9",2.7,"",.0,"9",.0,"9",.0,"9",.0,"9",.0,"9",.0,"9",.0,"9",.0,"9",.0,"9",.0,"9",.0,"9",.0,"9",.0,"9",.0,"9",.0,"9",.0,"9",0,"",0,"","R",0,"9",0,"9",0,"8"
"353140205","SZCZECIN","2019","07","17",21.7,"",12.8,"",17.3,"",8.1,"",.0,"9","",0,"9",.0,"9",9.9,"",.0,"9",.0,"9",.0,"9",.0,"9",.0,"9",.0,"9",.0,"9",.0,"9",.0,"9",.0,"9",.0,"9",.0,"9",.0,"9",.0,"9",3.0,"",.0,"9",0,"",0,"","R",0,"9",0,"9",0,"8"
"353140205","SZCZECIN","2019","07","18",24.8,"",8.1,"",17.6,"",5.3,"",.0,"9","",0,"9",.0,"9",14.5,"",.0,"9",.0,"9",.0,"9",.0,"9",.3,"",.0,"9",.0,"9",.0,"9",.0,"9",.0,"9",.0,"9",.0,"9",.0,"9",.0,"9",5.5,"",.0,"9",0,"",0,"","R",0,"9",0,"9",0,"8"
"353140205","SZCZECIN","2019","07","19",27.5,"",15.8,"",20.8,"",11.4,"",.0,"","W",0,"9",.0,"9",5.6,"",.1,"",.0,"9",.0,"9",.0,"9",.0,"9",.0,"9",.0,"9",.0,"9",.0,"9",.0,"9",.0,"9",.0,"9",.0,"9",.0,"9",8.0,"",.0,"9",0,"",0,"","R",0,"9",0,"9",0,"8"
"353140205","SZCZECIN","2019","07","20",29.0,"",15.1,"",22.2,"",11.8,"",3.3,"","W",0,"9",.0,"9",10.6,"",.9,"",.0,"9",.0,"9",.0,"9",.0,"9",.0,"9",.0,"9",.0,"9",.0,"9",.0,"9",.0,"9",.0,"9",.0,"9",.5,"",7.0,"",.0,"9",0,"",0,"","R",0,"9",0,"9",0,"8"
"353140205","SZCZECIN","2019","07","21",27.1,"",16.3,"",20.7,"",15.7,"",.0,"9","",0,"9",.0,"9",6.3,"",1.1,"",.0,"9",.0,"9",.0,"9",.0,"9",.0,"9",.0,"9",.0,"9",.0,"9",.0,"9",.0,"9",.0,"9",.0,"9",.0,"9",.0,"9",.0,"9",0,"",0,"","R",0,"9",0,"9",0,"8"
"353140205","SZCZECIN","2019","07","22",23.2,"",13.7,"",18.7,"",9.4,"",.3,"","W",0,"9",.0,"9",5.2,"",5.6,"",.0,"9",.0,"9",.0,"9",.0,"9",3.3,"",.0,"9",.0,"9",.0,"9",.0,"9",.0,"9",.0,"9",.0,"9",.0,"9",.0,"9",.0,"9",0,"",0,"","R",0,"9",0,"9",0,"8"
"353140205","SZCZECIN","2019","07","23",25.9,"",16.1,"",20.9,"",15.8,"",.0,"9","",0,"9",.0,"9",6.1,"",.0,"9",.0,"9",.0,"9",.0,"9",.0,"9",4.1,"",.0,"9",.0,"9",.0,"9",.0,"9",.0,"9",.0,"9",.0,"9",.0,"9",1.5,"",.0,"9",0,"",0,"","R",0,"9",0,"9",0,"8"
"353140205","SZCZECIN","2019","07","24",28.3,"",12.5,"",21.9,"",10.9,"",.0,"9","",0,"9",.0,"9",13.1,"",.0,"9",.0,"9",.0,"9",.0,"9",1.3,"",2.9,"",.0,"9",.0,"9",.0,"9",.0,"9",.0,"9",.0,"9",.0,"9",.0,"9",.0,"9",.0,"9",0,"",0,"","R",0,"9",0,"9",0,"8"
"353140205","SZCZECIN","2019","07","25",28.2,"",14.8,"",22.2,"",12.8,"",.0,"9","",0,"9",.0,"9",14.4,"",.0,"9",.0,"9",.0,"9",.0,"9",.0,"9",.0,"9",.0,"9",.0,"9",.0,"9",.0,"9",.0,"9",.0,"9",.0,"9",.0,"9",1.0,"",.0,"9",0,"",0,"","R",0,"9",0,"9",0,"8"
"353140205","SZCZECIN","2019","07","26",28.5,"",14.3,"",22.7,"",12.3,"",.0,"9","",0,"9",.0,"9",13.9,"",.0,"9",.0,"9",.0,"9",.0,"9",.0,"9",.0,"9",.0,"9",.0,"9",.0,"9",.0,"9",.0,"9",.0,"9",.0,"9",.0,"9",9.0,"",.0,"9",0,"",0,"","R",0,"9",0,"9",0,"8"
"353140205","SZCZECIN","2019","07","27",27.8,"",17.2,"",21.3,"",15.1,"",.3,"","W",0,"9",.0,"9",8.8,"",.2,"",.0,"9",.0,"9",.0,"9",.0,"9",.0,"9",.0,"9",.0,"9",.0,"9",.0,"9",.0,"9",.0,"9",.0,"9",.4,"",5.0,"",.0,"9",0,"",0,"","R",0,"9",0,"9",0,"8"
"353140205","SZCZECIN","2019","07","28",31.3,"",17.3,"",24.0,"",16.4,"",.0,"9","",0,"9",.0,"9",11.9,"",.0,"9",.0,"9",.0,"9",.0,"9",.0,"9",.0,"9",.0,"9",.0,"9",.0,"9",.0,"9",.0,"9",.0,"9",.0,"9",.0,"9",.0,"9",.0,"9",0,"",0,"","R",0,"9",0,"9",0,"8"
"353140205","SZCZECIN","2019","07","29",32.0,"",18.3,"",24.6,"",16.7,"",.0,"","W",0,"9",.0,"9",8.0,"",.1,"",.0,"9",.0,"9",.0,"9",.0,"9",.0,"9",.0,"9",.0,"9",.0,"9",.0,"9",.0,"9",.0,"9",.0,"9",1.7,"",.0,"9",.0,"9",0,"",0,"","R",0,"9",0,"9",0,"8"
"353140205","SZCZECIN","2019","07","30",28.9,"",20.2,"",23.5,"",18.9,"",11.4,"","W",0,"9",.0,"9",6.1,"",1.0,"",.0,"9",.0,"9",.0,"9",.0,"9",.0,"9",.0,"9",.0,"9",.0,"9",.0,"9",.0,"9",.0,"9",.0,"9",.0,"9",.0,"9",.0,"9",0,"",0,"","R",0,"9",0,"9",0,"8"
"353140205","SZCZECIN","2019","07","31",23.3,"",16.9,"",19.3,"",16.6,"",3.1,"","W",0,"9",.0,"9",1.9,"",4.0,"",.0,"9",.0,"9",.0,"9",.0,"9",.0,"9",.0,"9",.0,"9",.0,"9",.0,"9",.0,"9",.0,"9",.0,"9",.0,"9",.0,"9",.0,"9",0,"",0,"","R",0,"9",0,"9",0,"8"
"353140205","SZCZECIN","2019","08","01",22.3,"",15.4,"",18.4,"",14.7,"",2.6,"","W",0,"9",.0,"9",3.6,"",.7,"",.0,"9",.0,"9",.0,"9",.0,"9",.0,"9",.0,"9",.0,"9",.0,"9",.0,"9",.0,"9",.0,"9",.0,"9",.0,"9",.0,"9",.0,"9",0,"",0,"","R",0,"9",0,"9",0,"8"
"353140205","SZCZECIN","2019","08","02",22.1,"",13.8,"",18.6,"",12.8,"",.0,"9","",0,"9",.0,"9",7.0,"",.0,"9",.0,"9",.0,"9",.0,"9",.0,"9",.0,"9",.0,"9",.0,"9",.0,"9",.0,"9",.0,"9",.0,"9",.0,"9",.0,"9",.0,"9",.0,"9",0,"",0,"","R",0,"9",0,"9",0,"8"
"353140205","SZCZECIN","2019","08","03",24.3,"",11.3,"",18.1,"",9.9,"",.5,"","W",0,"9",.0,"9",9.8,"",.8,"",.0,"9",.0,"9",.0,"9",1.8,"",1.0,"",.0,"9",.0,"9",.0,"9",.0,"9",.0,"9",.0,"9",.0,"9",1.8,"",.0,"9",.0,"9",0,"",0,"","R",0,"9",0,"9",0,"8"
"353140205","SZCZECIN","2019","08","04",23.9,"",13.6,"",18.5,"",11.0,"",1.8,"","W",0,"9",.0,"9",7.3,"",.7,"",.0,"9",.0,"9",.0,"9",.0,"9",.0,"9",.0,"9",.0,"9",.0,"9",.0,"9",.0,"9",.0,"9",.0,"9",.0,"9",.0,"9",.0,"9",0,"",0,"","R",0,"9",0,"9",0,"8"
"353140205","SZCZECIN","2019","08","05",24.8,"",14.2,"",20.1,"",11.8,"",.1,"","W",0,"9",.0,"9",5.6,"",.3,"",.0,"9",.0,"9",.0,"9",.0,"9",.0,"9",.0,"9",.0,"9",.0,"9",.0,"9",.0,"9",.0,"9",.0,"9",.0,"9",.0,"9",.0,"9",0,"",0,"","R",0,"9",0,"9",0,"8"
"353140205","SZCZECIN","2019","08","06",27.3,"",17.2,"",20.3,"",13.6,"",1.6,"","W",0,"9",.0,"9",6.9,"",.8,"",.0,"9",.0,"9",.0,"9",.0,"9",.0,"9",.0,"9",.0,"9",.0,"9",.0,"9",.0,"9",.0,"9",.0,"9",.4,"",.0,"9",.0,"9",0,"",0,"","R",0,"9",0,"9",0,"8"
"353140205","SZCZECIN","2019","08","07",23.7,"",14.9,"",19.5,"",12.3,"",3.1,"","W",0,"9",.0,"9",3.0,"",.6,"",.0,"9",.0,"9",.0,"9",.0,"9",.0,"9",.0,"9",.0,"9",.0,"9",.0,"9",.0,"9",.0,"9",.0,"9",.6,"",.0,"9",.0,"9",0,"",0,"","R",0,"9",0,"9",0,"8"
"353140205","SZCZECIN","2019","08","08",25.3,"",15.1,"",19.7,"",12.4,"",.2,"","W",0,"9",.0,"9",8.6,"",.2,"",.0,"9",.0,"9",.0,"9",.0,"9",.0,"9",.0,"9",.0,"9",.0,"9",.0,"9",.0,"9",.0,"9",.0,"9",.0,"9",.0,"9",.0,"9",0,"",0,"","R",0,"9",0,"9",0,"8"
"353140205","SZCZECIN","2019","08","09",25.7,"",14.2,"",19.5,"",12.2,"",.4,"","W",0,"9",.0,"9",10.2,"",.9,"",.0,"9",.0,"9",.0,"9",.0,"9",.0,"9",.0,"9",.0,"9",.0,"9",.0,"9",.0,"9",.0,"9",.0,"9",.0,"9",.0,"9",.0,"9",0,"",0,"","R",0,"9",0,"9",0,"8"
"353140205","SZCZECIN","2019","08","10",27.7,"",17.1,"",22.8,"",14.8,"",.0,"9","",0,"9",.0,"9",5.5,"",1.0,"",.0,"9",.0,"9",.0,"9",.0,"9",.0,"9",.0,"9",.0,"9",.0,"9",.0,"9",.0,"9",.0,"9",.0,"9",.0,"9",.0,"9",.0,"9",0,"",0,"","R",0,"9",0,"9",0,"8"
"353140205","SZCZECIN","2019","08","11",27.4,"",15.9,"",21.6,"",12.1,"",.1,"","W",0,"9",.0,"9",9.2,"",.0,"9",.0,"9",.0,"9",.0,"9",.0,"9",.0,"9",.0,"9",.0,"9",.0,"9",.0,"9",.0,"9",.0,"9",.0,"9",.0,"9",.0,"9",.0,"9",0,"",0,"","R",0,"9",0,"9",0,"8"
"353140205","SZCZECIN","2019","08","12",24.1,"",17.4,"",20.6,"",16.8,"",.0,"9","",0,"9",.0,"9",4.6,"",.1,"",.0,"9",.0,"9",.0,"9",.0,"9",.0,"9",.0,"9",.0,"9",.0,"9",.0,"9",.0,"9",.0,"9",.0,"9",.0,"9",.0,"9",.0,"9",0,"",0,"","R",0,"9",0,"9",0,"8"
"353140205","SZCZECIN","2019","08","13",22.4,"",16.0,"",17.8,"",14.0,"",.0,"9","",0,"9",.0,"9",6.6,"",.0,"9",.0,"9",.0,"9",.0,"9",.0,"9",.0,"9",.0,"9",.0,"9",.0,"9",.0,"9",.0,"9",.0,"9",.0,"9",.0,"9",.0,"9",.0,"9",0,"",0,"","R",0,"9",0,"9",0,"8"
"353140205","SZCZECIN","2019","08","14",21.8,"",11.1,"",15.8,"",6.8,"",.0,"9","",0,"9",.0,"9",9.4,"",.0,"9",.0,"9",.0,"9",.0,"9",.0,"9",.0,"9",.0,"9",.0,"9",.0,"9",.0,"9",.0,"9",.0,"9",.0,"9",.0,"9",.0,"9",.0,"9",0,"",0,"","R",0,"9",0,"9",0,"8"
"353140205","SZCZECIN","2019","08","15",24.3,"",6.9,"",16.5,"",4.6,"",.4,"","W",0,"9",.0,"9",2.7,"",.4,"",.0,"9",.0,"9",.0,"9",.0,"9",.0,"9",.0,"9",.0,"9",.0,"9",.0,"9",.0,"9",.0,"9",.0,"9",.0,"9",.0,"9",.0,"9",0,"",0,"","R",0,"9",0,"9",0,"8"
"353140205","SZCZECIN","2019","08","16",22.2,"",14.8,"",17.9,"",12.1,"",.1,"","W",0,"9",.0,"9",3.9,"",.1,"",.0,"9",.0,"9",.0,"9",.0,"9",.0,"9",.0,"9",.0,"9",.0,"9",.0,"9",.0,"9",.0,"9",.0,"9",.0,"9",.0,"9",.0,"9",0,"",0,"","R",0,"9",0,"9",0,"8"
"353140205","SZCZECIN","2019","08","17",24.6,"",10.8,"",18.9,"",6.8,"",.0,"","W",0,"9",.0,"9",.6,"",.3,"",.0,"9",.0,"9",.0,"9",.0,"9",.0,"9",.0,"9",.0,"9",.0,"9",.0,"9",.0,"9",.0,"9",.0,"9",.0,"9",.0,"9",.0,"9",0,"",0,"","R",0,"9",0,"9",0,"8"
"353140205","SZCZECIN","2019","08","18",23.3,"",18.5,"",20.1,"",16.7,"",.8,"","W",0,"9",.0,"9",.9,"",1.9,"",.0,"9",.0,"9",.0,"9",.0,"9",2.2,"",.0,"9",.0,"9",.0,"9",.0,"9",.0,"9",.0,"9",.0,"9",.0,"9",.0,"9",.0,"9",0,"",0,"","R",0,"9",0,"9",0,"8"
"353140205","SZCZECIN","2019","08","19",24.4,"",15.8,"",18.4,"",14.5,"",.0,"9","",0,"9",.0,"9",6.2,"",.0,"9",.0,"9",.0,"9",.0,"9",.0,"9",.0,"9",.0,"9",.0,"9",.0,"9",.0,"9",.0,"9",.0,"9",.0,"9",.0,"9",4.3,"",.0,"9",0,"",0,"","R",0,"9",0,"9",0,"8"
"353140205","SZCZECIN","2019","08","20",25.3,"",8.5,"",18.8,"",6.4,"",2.6,"","W",0,"9",.0,"9",8.1,"",1.0,"",.0,"9",.0,"9",.0,"9",.0,"9",.0,"9",.0,"9",.0,"9",.0,"9",.0,"9",.0,"9",.0,"9",.0,"9",.0,"9",.0,"9",.0,"9",0,"",0,"","R",0,"9",0,"9",0,"8"
"353140205","SZCZECIN","2019","08","21",23.7,"",13.8,"",17.9,"",12.2,"",.0,"9","",0,"9",.0,"9",10.4,"",2.2,"",.0,"9",.0,"9",.0,"9",.0,"9",1.0,"",.0,"9",.0,"9",.0,"9",.0,"9",.0,"9",.0,"9",.0,"9",.0,"9",.0,"9",.0,"9",0,"",0,"","R",0,"9",0,"9",0,"8"
"353140205","SZCZECIN","2019","08","22",25.8,"",7.7,"",18.1,"",4.5,"",.0,"9","",0,"9",.0,"9",12.3,"",.0,"9",.0,"9",.0,"9",.0,"9",.0,"9",.0,"9",.0,"9",.0,"9",.0,"9",.0,"9",.0,"9",.0,"9",.0,"9",.0,"9",1.5,"",.0,"9",0,"",0,"","R",0,"9",0,"9",0,"8"
"353140205","SZCZECIN","2019","08","23",28.3,"",11.4,"",20.9,"",8.6,"",.0,"9","",0,"9",.0,"9",13.1,"",.0,"9",.0,"9",.0,"9",.0,"9",.0,"9",.0,"9",.0,"9",.0,"9",.0,"9",.0,"9",.0,"9",.0,"9",.0,"9",.0,"9",4.0,"",.0,"9",0,"",0,"","R",0,"9",0,"9",0,"8"
"353140205","SZCZECIN","2019","08","24",29.2,"",10.8,"",20.9,"",8.3,"",.0,"9","",0,"9",.0,"9",13.1,"",.0,"9",.0,"9",.0,"9",.0,"9",.0,"9",.0,"9",.0,"9",.0,"9",.0,"9",.0,"9",.0,"9",.0,"9",.0,"9",.0,"9",4.8,"",.0,"9",0,"",0,"","R",0,"9",0,"9",0,"8"
"353140205","SZCZECIN","2019","08","25",30.0,"",12.8,"",22.0,"",9.8,"",.0,"9","",0,"9",.0,"9",12.9,"",.0,"9",.0,"9",.0,"9",.0,"9",.0,"9",.0,"9",.0,"9",.0,"9",.0,"9",.0,"9",.0,"9",.0,"9",.0,"9",.0,"9",5.0,"",.0,"9",0,"",0,"","R",0,"9",0,"9",0,"8"
"353140205","SZCZECIN","2019","08","26",30.9,"",15.3,"",22.4,"",12.0,"",.0,"9","",0,"9",.0,"9",8.3,"",.0,"9",.0,"9",.0,"9",.0,"9",.0,"9",.0,"9",.0,"9",.0,"9",.0,"9",.0,"9",.0,"9",.0,"9",.0,"9",.0,"9",.0,"9",.0,"9",0,"",0,"","R",0,"9",0,"9",0,"8"
"353140205","SZCZECIN","2019","08","27",33.1,"",18.7,"",25.5,"",16.3,"",.0,"9","",0,"9",.0,"9",11.4,"",.0,"9",.0,"9",.0,"9",.0,"9",.0,"9",.0,"9",.0,"9",.0,"9",.0,"9",.0,"9",.0,"9",.0,"9",.0,"9",.0,"9",.0,"9",.0,"9",0,"",0,"","R",0,"9",0,"9",0,"8"
"353140205","SZCZECIN","2019","08","28",32.7,"",20.2,"",24.5,"",18.3,"",27.5,"","W",0,"9",.0,"9",7.4,"",3.9,"",.0,"9",.0,"9",.0,"9",.0,"9",.0,"9",.0,"9",.0,"9",.0,"9",.0,"9",.0,"9",.0,"9",.0,"9",6.4,"",.0,"9",.0,"9",0,"",0,"","R",0,"9",0,"9",0,"8"
"353140205","SZCZECIN","2019","08","29",29.4,"",15.8,"",21.9,"",14.7,"",.0,"9","",0,"9",.0,"9",8.5,"",.0,"9",.0,"9",.0,"9",.0,"9",.0,"9",2.8,"",.0,"9",.0,"9",.0,"9",.0,"9",.0,"9",.0,"9",.0,"9",.0,"9",.0,"9",.0,"9",0,"",0,"","R",0,"9",0,"9",0,"8"
"353140205","SZCZECIN","2019","08","30",27.0,"",16.8,"",21.8,"",15.5,"",.0,"9","",0,"9",.0,"9",9.7,"",.0,"9",.0,"9",.0,"9",.0,"9",.0,"9",3.0,"",.0,"9",.0,"9",.0,"9",.0,"9",.0,"9",.0,"9",.0,"9",.0,"9",.0,"9",.0,"9",0,"",0,"","R",0,"9",0,"9",0,"8"
"353140205","SZCZECIN","2019","08","31",31.8,"",18.6,"",24.8,"",18.0,"",.0,"9","",0,"9",.0,"9",12.3,"",.0,"9",.0,"9",.0,"9",.0,"9",.0,"9",.0,"9",.0,"9",.0,"9",.0,"9",.0,"9",.0,"9",.0,"9",.0,"9",.0,"9",.0,"9",.0,"9",0,"",0,"","R",0,"9",0,"9",0,"8"
"353140205","SZCZECIN","2019","09","01",30.1,"",20.9,"",23.3,"",19.2,"",.7,"","W",0,"9",.0,"9",10.3,"",1.5,"",.0,"9",.0,"9",.0,"9",.0,"9",.0,"9",.0,"9",.0,"9",.0,"9",.0,"9",.0,"9",.0,"9",.0,"9",.0,"9",.0,"9",.0,"9",0,"",0,"","R",0,"9",0,"9",0,"8"
"353140205","SZCZECIN","2019","09","02",21.9,"",13.6,"",16.6,"",12.7,"",.0,"9","",0,"9",.0,"9",10.0,"",.0,"9",.0,"9",.0,"9",.0,"9",.0,"9",.0,"9",.0,"9",.0,"9",.0,"9",.0,"9",.0,"9",.0,"9",.0,"9",.0,"9",.0,"9",.0,"9",0,"",0,"","R",0,"9",0,"9",0,"8"
"353140205","SZCZECIN","2019","09","03",19.1,"",10.0,"",15.2,"",7.0,"",.2,"","W",0,"9",.0,"9",2.0,"",1.6,"",.0,"9",.0,"9",.0,"9",.0,"9",.0,"9",.0,"9",.0,"9",.0,"9",.0,"9",.0,"9",.0,"9",.0,"9",.0,"9",.0,"9",.0,"9",0,"",0,"","R",0,"9",0,"9",0,"8"
"353140205","SZCZECIN","2019","09","04",24.5,"",12.9,"",17.6,"",11.1,"",.3,"","W",0,"9",.0,"9",11.2,"",.0,"9",.0,"9",.0,"9",.0,"9",.0,"9",.0,"9",.0,"9",.0,"9",.0,"9",.0,"9",.0,"9",.0,"9",.0,"9",.0,"9",.0,"9",.0,"9",0,"",0,"","R",0,"9",0,"9",0,"8"
"353140205","SZCZECIN","2019","09","05",21.3,"",15.0,"",16.8,"",11.3,"",.2,"","W",0,"9",.0,"9",6.6,"",1.1,"",.0,"9",.0,"9",.0,"9",.0,"9",.0,"9",.0,"9",.0,"9",.0,"9",.0,"9",.0,"9",.0,"9",.0,"9",.0,"9",.0,"9",.0,"9",0,"",0,"","R",0,"9",0,"9",0,"8"
"353140205","SZCZECIN","2019","09","06",19.7,"",9.4,"",13.7,"",8.3,"",.0,"9","",0,"9",.0,"9",11.8,"",.0,"9",.0,"9",.0,"9",.0,"9",.0,"9",.0,"9",.0,"9",.0,"9",.0,"9",.0,"9",.0,"9",.0,"9",.0,"9",.0,"9",4.0,"",.0,"9",0,"",0,"","R",0,"9",0,"9",0,"8"
"353140205","SZCZECIN","2019","09","07",19.2,"",6.4,"",13.6,"",4.1,"",.1,"","W",0,"9",.0,"9",5.0,"",2.0,"",.0,"9",.0,"9",.0,"9",.0,"9",.0,"9",.0,"9",.0,"9",.0,"9",.0,"9",.0,"9",.0,"9",.0,"9",.0,"9",8.0,"",.0,"9",0,"",0,"","R",0,"9",0,"9",0,"8"
"353140205","SZCZECIN","2019","09","08",18.1,"",11.3,"",14.3,"",10.5,"",.0,"","W",0,"9",.0,"9",2.7,"",.2,"",.0,"9",.0,"9",.0,"9",.0,"9",.0,"9",.0,"9",.0,"9",.0,"9",.0,"9",.0,"9",.0,"9",.0,"9",.0,"9",.0,"9",.0,"9",0,"",0,"","R",0,"9",0,"9",0,"8"
"353140205","SZCZECIN","2019","09","09",15.6,"",13.7,"",14.8,"",13.4,"",10.3,"","W",0,"9",.0,"9",.0,"9",10.0,"",.0,"9",.0,"9",.0,"9",.0,"9",16.3,"",.0,"9",.0,"9",.0,"9",.0,"9",.0,"9",.0,"9",.0,"9",.0,"9",.0,"9",.0,"9",0,"",0,"","R",0,"9",0,"9",0,"8"
"353140205","SZCZECIN","2019","09","10",17.5,"",12.8,"",14.8,"",12.9,"",3.1,"","W",0,"9",.0,"9",.0,"9",12.6,"",.0,"9",.0,"9",.0,"9",.0,"9",6.5,"",.0,"9",.0,"9",.0,"9",.0,"9",.0,"9",.0,"9",.0,"9",.0,"9",.0,"9",.0,"9",0,"",0,"","R",0,"9",0,"9",0,"8"
"353140205","SZCZECIN","2019","09","11",21.4,"",10.8,"",16.2,"",9.6,"",.1,"","W",0,"9",.0,"9",10.3,"",.0,"9",.0,"9",.0,"9",.0,"9",.0,"9",.0,"9",.0,"9",.0,"9",.0,"9",.0,"9",.0,"9",.0,"9",.0,"9",.0,"9",.0,"9",.0,"9",0,"",0,"","R",0,"9",0,"9",0,"8"
"353140205","SZCZECIN","2019","09","12",21.5,"",14.1,"",17.1,"",11.2,"",.0,"","W",0,"9",.0,"9",2.7,"",1.0,"",.0,"9",.0,"9",.0,"9",.0,"9",.0,"9",.0,"9",.0,"9",.0,"9",.0,"9",.0,"9",.0,"9",.0,"9",.0,"9",.0,"9",.0,"9",0,"",0,"","R",0,"9",0,"9",0,"8"
"353140205","SZCZECIN","2019","09","13",20.7,"",14.6,"",16.3,"",11.3,"",1.9,"","W",0,"9",.0,"9",3.2,"",.3,"",.0,"9",.0,"9",.0,"9",.0,"9",.0,"9",.0,"9",.0,"9",.0,"9",.0,"9",.0,"9",.0,"9",.0,"9",.0,"9",.0,"9",.0,"9",0,"",0,"","R",0,"9",0,"9",0,"8"
"353140205","SZCZECIN","2019","09","14",18.6,"",8.2,"",12.4,"",2.9,"",.0,"9","",0,"9",.0,"9",11.0,"",.0,"9",.0,"9",.0,"9",.0,"9",.0,"9",.0,"9",.0,"9",.0,"9",.0,"9",.0,"9",.0,"9",.0,"9",.0,"9",.0,"9",6.0,"",.0,"9",0,"",0,"","R",0,"9",0,"9",0,"8"
"353140205","SZCZECIN","2019","09","15",21.9,"",6.6,"",14.9,"",4.1,"",.0,"","W",0,"9",.0,"9",8.3,"",.8,"",.0,"9",.0,"9",.0,"9",.0,"9",.0,"9",.0,"9",.0,"9",.0,"9",.0,"9",.0,"9",.0,"9",.0,"9",.0,"9",5.0,"",.0,"9",0,"",0,"","R",0,"9",0,"9",0,"8"
"353140205","SZCZECIN","2019","09","16",17.6,"",9.7,"",13.1,"",7.1,"",.0,"9","",0,"9",.0,"9",5.4,"",.0,"9",.0,"9",.0,"9",.0,"9",.0,"9",.0,"9",.0,"9",.0,"9",.0,"9",.0,"9",.0,"9",.0,"9",.0,"9",.0,"9",6.0,"",.0,"9",0,"",0,"","R",0,"9",0,"9",0,"8"
"353140205","SZCZECIN","2019","09","17",14.7,"",8.8,"",10.3,"",6.0,"",2.3,"","W",0,"9",.0,"9",4.1,"",1.3,"",.0,"9",.0,"9",.0,"9",.0,"9",.0,"9",.0,"9",.0,"9",.0,"9",.0,"9",.0,"9",.0,"9",.0,"9",.0,"9",6.0,"",.0,"9",0,"",0,"","R",0,"9",0,"9",0,"8"
"353140205","SZCZECIN","2019","09","18",15.2,"",7.3,"",11.1,"",6.1,"",.4,"","W",0,"9",.0,"9",8.2,"",.0,"9",.0,"9",.0,"9",.0,"9",.0,"9",.0,"9",.0,"9",.0,"9",.0,"9",.0,"9",.0,"9",.0,"9",.0,"9",.0,"9",.0,"9",.0,"9",0,"",0,"","R",0,"9",0,"9",0,"8"
"353140205","SZCZECIN","2019","09","19",15.5,"",6.8,"",10.1,"",4.5,"",.6,"","W",0,"9",.0,"9",6.4,"",.9,"",.0,"9",.0,"9",.0,"9",.0,"9",.0,"9",.0,"9",.0,"9",.0,"9",.0,"9",.0,"9",.0,"9",.0,"9",.0,"9",.0,"9",.0,"9",0,"",0,"","R",0,"9",0,"9",0,"8"
"353140205","SZCZECIN","2019","09","20",15.5,"",5.9,"",11.0,"",3.4,"",.0,"","W",0,"9",.0,"9",2.6,"",.4,"",.0,"9",.0,"9",.0,"9",.0,"9",.0,"9",.0,"9",.0,"9",.0,"9",.0,"9",.0,"9",.0,"9",.0,"9",.0,"9",.0,"9",.0,"9",0,"",0,"","R",0,"9",0,"9",0,"8"
"353140205","SZCZECIN","2019","09","21",18.5,"",12.0,"",13.8,"",8.6,"",.0,"9","",0,"9",.0,"9",4.4,"",.0,"9",.0,"9",.0,"9",.0,"9",.0,"9",1.5,"",.0,"9",.0,"9",.0,"9",.0,"9",.0,"9",.0,"9",.0,"9",.0,"9",.0,"9",.0,"9",0,"",0,"","R",0,"9",0,"9",0,"8"
"353140205","SZCZECIN","2019","09","22",22.5,"",4.3,"",13.0,"",2.2,"",.0,"9","",0,"9",.0,"9",11.7,"",.0,"9",.0,"9",.0,"9",.0,"9",1.8,"",4.1,"",.0,"9",.0,"9",.0,"9",.0,"9",.0,"9",.0,"9",.0,"9",.0,"9",.0,"9",.0,"9",0,"",0,"","R",0,"9",0,"9",0,"8"
"353140205","SZCZECIN","2019","09","23",21.2,"",8.4,"",14.5,"",6.4,"",.0,"9","",0,"9",.0,"9",11.3,"",.0,"9",.0,"9",.0,"9",.0,"9",.0,"9",4.3,"",.0,"9",.0,"9",.0,"9",.0,"9",.0,"9",.0,"9",.0,"9",.0,"9",5.0,"",.0,"9",0,"",0,"","R",0,"9",0,"9",0,"8"
"353140205","SZCZECIN","2019","09","24",16.7,"",10.1,"",13.1,"",8.2,"",.0,"9","",0,"9",.0,"9",3.0,"",.0,"9",.0,"9",.0,"9",.0,"9",.0,"9",14.0,"",.0,"9",.0,"9",.0,"9",.0,"9",.0,"9",.0,"9",.0,"9",.0,"9",12.0,"",.0,"9",0,"",0,"","R",0,"9",0,"9",0,"8"
"353140205","SZCZECIN","2019","09","25",18.5,"",11.5,"",14.5,"",11.1,"",1.1,"","W",0,"9",.0,"9",3.2,"",.8,"",.0,"9",.0,"9",.0,"9",.0,"9",24.0,"",.0,"9",.0,"9",.0,"9",.0,"9",.0,"9",.0,"9",.0,"9",.0,"9",9.0,"",.0,"9",0,"",0,"","R",0,"9",0,"9",0,"8"
"353140205","SZCZECIN","2019","09","26",18.5,"",12.9,"",14.8,"",10.0,"",.0,"9","",0,"9",.0,"9",4.3,"",1.4,"",.0,"9",.0,"9",.0,"9",.0,"9",13.2,"",.0,"9",.0,"9",.0,"9",.0,"9",.0,"9",.0,"9",.0,"9",.0,"9",.0,"9",.0,"9",0,"",0,"","R",0,"9",0,"9",0,"8"
"353140205","SZCZECIN","2019","09","27",16.5,"",11.7,"",14.3,"",9.5,"",18.1,"","W",0,"9",.0,"9",.0,"9",10.1,"",.0,"9",.0,"9",.0,"9",.0,"9",11.8,"",.0,"9",.0,"9",.0,"9",.0,"9",.0,"9",.0,"9",.0,"9",.0,"9",.0,"9",.0,"9",0,"",0,"","R",0,"9",0,"9",0,"8"
"353140205","SZCZECIN","2019","09","28",18.5,"",11.8,"",14.4,"",10.8,"",.0,"","W",0,"9",.0,"9",7.1,"",.1,"",.0,"9",.0,"9",.0,"9",.0,"9",2.9,"",.0,"9",.0,"9",.0,"9",.0,"9",.0,"9",.0,"9",.0,"9",.0,"9",.0,"9",.0,"9",0,"",0,"","R",0,"9",0,"9",0,"8"
"353140205","SZCZECIN","2019","09","29",16.4,"",13.5,"",14.5,"",12.7,"",10.8,"","W",0,"9",.0,"9",.7,"",8.4,"",.0,"9",.0,"9",.0,"9",.0,"9",.0,"9",.0,"9",.0,"9",.0,"9",.0,"9",.0,"9",.0,"9",.0,"9",.0,"9",.0,"9",.0,"9",0,"",0,"","R",0,"9",0,"9",0,"8"
"353140205","SZCZECIN","2019","09","30",15.2,"",12.3,"",13.9,"",11.7,"",13.0,"","W",0,"9",.0,"9",1.0,"",12.8,"",.0,"9",.0,"9",.0,"9",.0,"9",7.0,"",.0,"9",.0,"9",.0,"9",.0,"9",.0,"9",1.0,"",.0,"9",.0,"9",.0,"9",.0,"9",0,"",0,"","R",0,"9",0,"9",0,"8"
"353140205","SZCZECIN","2019","10","01",15.5,"",10.9,"",12.4,"",9.7,"",13.1,"","W",0,"9",.0,"9",.2,"",8.8,"",.0,"9",.0,"9",.0,"9",.0,"9",4.2,"",.0,"9",.0,"9",.0,"9",.0,"9",.0,"9",.0,"9",.0,"9",.0,"9",.0,"9",.0,"9",0,"",0,"","R",0,"9",0,"9",0,"8"
"353140205","SZCZECIN","2019","10","02",15.2,"",5.7,"",9.5,"",3.6,"",8.2,"","W",0,"9",.0,"9",3.5,"",4.0,"",.0,"9",.0,"9",.0,"",.0,"9",.0,"9",.0,"9",.0,"9",.0,"9",.0,"9",.0,"9",.0,"9",.0,"9",.0,"9",.0,"9",.0,"9",0,"",0,"","R",0,"9",0,"9",0,"8"
"353140205","SZCZECIN","2019","10","03",12.8,"",5.0,"",9.4,"",2.0,"",.2,"","W",0,"9",.0,"9",2.1,"",4.4,"",.0,"9",.0,"9",.0,"9",.0,"9",5.5,"",.0,"9",.0,"9",.0,"9",.0,"9",.0,"9",.0,"9",.0,"9",.0,"9",.0,"9",.0,"9",0,"",0,"","R",0,"9",0,"9",0,"8"
"353140205","SZCZECIN","2019","10","04",12.1,"",5.1,"",9.1,"",3.2,"",.6,"","W",0,"9",.0,"9",4.2,"",1.8,"",.0,"9",.0,"9",.0,"9",.0,"9",.0,"9",.0,"9",.0,"9",.0,"9",.0,"9",.0,"9",.0,"9",.0,"9",.0,"9",.0,"9",.0,"9",0,"",0,"","R",0,"9",0,"9",0,"8"
"353140205","SZCZECIN","2019","10","05",13.1,"",7.7,"",9.0,"",7.0,"",.5,"","W",0,"9",.0,"9",4.5,"",6.0,"",.0,"9",.0,"9",.0,"9",.0,"9",.0,"9",.0,"9",.0,"9",.0,"9",.0,"9",.0,"9",.0,"9",.0,"9",.0,"9",.0,"9",.0,"9",0,"",0,"","R",0,"9",0,"9",0,"8"
"353140205","SZCZECIN","2019","10","06",11.8,"",-.7,"",4.9,"",-2.3,"",.0,"9","",0,"9",.0,"9",8.4,"",.0,"9",.0,"9",.0,"9",.0,"9",.9,"",.5,"",.0,"9",.0,"9",.0,"9",.0,"9",.0,"9",.0,"9",.0,"9",.0,"9",.0,"9",.0,"9",0,"",0,"","R",0,"9",0,"9",0,"8"
"353140205","SZCZECIN","2019","10","07",11.3,"",-1.0,"",5.0,"",-3.0,"",.0,"9","",0,"9",.0,"9",3.6,"",.0,"9",.0,"9",.0,"9",.0,"9",.8,"",4.2,"",.0,"9",.0,"9",.0,"9",.0,"9",.0,"9",.0,"9",.0,"9",.0,"9",.0,"9",.0,"9",0,"",0,"","R",0,"9",0,"9",0,"8"
"353140205","SZCZECIN","2019","10","08",12.0,"",3.0,"",8.7,"",-.1,"",1.9,"","W",0,"9",.0,"9",.0,"9",5.0,"",.0,"9",.0,"9",.0,"9",.0,"9",3.0,"",.0,"9",.0,"9",.0,"9",.0,"9",.0,"9",.0,"9",.0,"9",.0,"9",.0,"9",.0,"9",0,"",0,"","R",0,"9",0,"9",0,"8"
"353140205","SZCZECIN","2019","10","09",15.4,"",10.2,"",11.8,"",6.8,"",5.1,"","W",0,"9",.0,"9",2.7,"",2.5,"",.0,"9",.0,"9",.0,"9",.0,"9",.0,"9",.0,"9",.0,"9",.0,"9",.0,"9",.0,"9",.0,"9",.0,"9",.0,"9",.0,"9",.0,"9",0,"",0,"","R",0,"9",0,"9",0,"8"
"353140205","SZCZECIN","2019","10","10",13.7,"",9.8,"",10.7,"",6.9,"",.9,"","W",0,"9",.0,"9",2.9,"",1.7,"",.0,"9",.0,"9",.0,"9",.0,"9",.0,"9",.0,"9",.0,"9",.0,"9",.0,"9",.0,"9",.0,"9",.0,"9",.0,"9",.0,"9",.0,"9",0,"",0,"","R",0,"9",0,"9",0,"8"
"353140205","SZCZECIN","2019","10","11",14.8,"",8.5,"",12.2,"",7.5,"",1.8,"","W",0,"9",.0,"9",1.2,"",2.3,"",.0,"9",.0,"9",.0,"9",.0,"9",.0,"9",.0,"9",.0,"9",.0,"9",.0,"9",.0,"9",.0,"9",.0,"9",.0,"9",.0,"9",.0,"9",0,"",0,"","R",0,"9",0,"9",0,"8"
"353140205","SZCZECIN","2019","10","12",19.5,"",13.6,"",15.3,"",12.9,"",.0,"9","",0,"9",.0,"9",3.7,"",.0,"9",.0,"9",.0,"9",.0,"9",.0,"9",.0,"9",.0,"9",.0,"9",.0,"9",.0,"9",.0,"9",.0,"9",.0,"9",.0,"9",.0,"9",.0,"9",0,"",0,"","R",0,"9",0,"9",0,"8"
"353140205","SZCZECIN","2019","10","13",22.4,"",9.3,"",16.3,"",6.7,"",.1,"","W",0,"9",.0,"9",4.5,"",.3,"",.0,"9",.0,"9",.0,"9",.4,"",.8,"",.0,"9",.0,"9",.0,"9",.0,"9",.0,"9",.0,"9",.0,"9",.0,"9",.0,"9",.0,"9",0,"",0,"","R",0,"9",0,"9",0,"8"
"353140205","SZCZECIN","2019","10","14",21.1,"",13.0,"",16.9,"",9.5,"",.0,"9","",0,"9",.0,"9",9.5,"",.0,"9",.0,"9",.0,"9",.0,"9",.0,"9",4.5,"",.0,"9",.0,"9",.0,"9",.0,"9",.0,"9",.0,"9",.0,"9",.0,"9",.0,"9",.0,"9",0,"",0,"","R",0,"9",0,"9",0,"8"
"353140205","SZCZECIN","2019","10","15",20.6,"",9.5,"",14.0,"",8.4,"",.0,"9","",0,"9",.0,"9",3.4,"",.0,"9",.0,"9",.0,"9",.0,"9",.8,"",14.2,"",.0,"9",.0,"9",.0,"9",.0,"9",.0,"9",.0,"9",.0,"9",.0,"9",.0,"9",.0,"9",0,"",0,"","R",0,"9",0,"9",0,"8"
"353140205","SZCZECIN","2019","10","16",14.3,"",5.9,"",10.3,"",4.5,"",8.1,"","W",0,"9",.0,"9",.0,"8",7.8,"",.0,"9",.0,"9",.0,"9",6.5,"",11.0,"",.0,"9",.0,"9",.0,"9",.0,"9",.0,"9",.0,"9",.0,"9",.0,"9",.0,"9",.0,"9",0,"",0,"","R",0,"9",0,"9",0,"8"
"353140205","SZCZECIN","2019","10","17",17.4,"",9.8,"",13.7,"",7.7,"",1.9,"","W",0,"9",.0,"9",.0,"8",.1,"",.0,"9",.0,"9",.0,"9",.0,"9",.0,"9",.0,"9",.0,"9",.0,"9",.0,"9",.0,"9",.0,"9",.0,"9",.0,"9",.0,"9",.0,"9",0,"",0,"","R",0,"9",0,"9",0,"8"
"353140205","SZCZECIN","2019","10","18",18.4,"",12.7,"",14.7,"",9.5,"",1.6,"","W",0,"9",.0,"9",.0,"8",2.2,"",.0,"9",.0,"9",.0,"9",.0,"9",.0,"9",.0,"9",.0,"9",.0,"9",.0,"9",.0,"9",.0,"9",.0,"9",.1,"",.0,"9",.0,"9",0,"",0,"","R",0,"9",0,"9",0,"8"
"353140205","SZCZECIN","2019","10","19",16.5,"",9.1,"",12.0,"",6.8,"",.0,"9","",0,"9",.0,"9",.0,"8",.0,"9",.0,"9",.0,"9",.0,"9",.0,"9",.0,"9",.0,"9",.0,"9",.0,"9",.0,"9",.0,"9",.0,"9",.0,"9",.0,"9",.0,"9",.0,"9",0,"",0,"","R",0,"9",0,"9",0,"8"
"353140205","SZCZECIN","2019","10","20",17.7,"",10.5,"",13.2,"",7.9,"",.0,"9","",0,"9",.0,"9",.0,"8",.0,"9",.0,"9",.0,"9",.0,"9",.0,"9",.0,"9",.0,"9",.0,"9",.0,"9",.0,"9",.0,"9",.0,"9",.0,"9",.0,"9",.0,"9",.0,"9",0,"",0,"","R",0,"9",0,"9",0,"8"
"353140205","SZCZECIN","2019","10","21",17.6,"",9.2,"",13.7,"",7.5,"",.0,"9","",0,"9",.0,"9",.0,"8",.0,"9",.0,"9",.0,"9",.0,"9",.0,"9",15.5,"",.0,"9",.0,"9",.0,"9",.0,"9",.0,"9",.0,"9",.0,"9",.0,"9",.0,"9",.0,"9",0,"",0,"","R",0,"9",0,"9",0,"8"
"353140205","SZCZECIN","2019","10","22",16.2,"",6.9,"",11.6,"",5.1,"",.0,"9","",0,"9",.0,"9",.0,"8",.0,"9",.0,"9",.0,"9",.0,"9",1.2,"",9.5,"",.0,"9",.0,"9",.0,"9",.0,"9",.0,"9",.0,"9",.0,"9",.0,"9",.0,"9",.0,"9",0,"",0,"","R",0,"9",0,"9",0,"8"
"353140205","SZCZECIN","2019","10","23",15.5,"",3.5,"",9.4,"",1.7,"",.0,"9","",0,"9",.0,"9",.0,"8",.0,"9",.0,"9",.0,"9",.0,"9",5.6,"",12.4,"",.0,"9",.0,"9",.0,"9",.0,"9",.0,"9",.0,"9",.0,"9",.0,"9",.0,"9",.0,"9",0,"",0,"","R",0,"9",0,"9",0,"8"
"353140205","SZCZECIN","2019","10","24",13.6,"",8.5,"",12.3,"",6.6,"",.0,"9","",0,"9",.0,"9",.0,"8",.0,"9",.0,"9",.0,"9",.0,"9",1.8,"",22.2,"",.0,"9",.0,"9",.0,"9",.0,"9",.0,"9",.0,"9",.0,"9",.0,"9",.0,"9",.0,"9",0,"",0,"","R",0,"9",0,"9",0,"8"
"353140205","SZCZECIN","2019","10","25",17.7,"",12.0,"",13.6,"",6.8,"",.0,"9","",0,"9",.0,"9",.0,"8",.0,"9",.0,"9",.0,"9",.0,"9",2.1,"",4.4,"",.0,"9",.0,"9",.0,"9",.0,"9",.0,"9",.0,"9",.0,"9",.0,"9",.0,"9",.0,"9",0,"",0,"","R",0,"9",0,"9",0,"8"
"353140205","SZCZECIN","2019","10","26",17.4,"",10.9,"",14.2,"",5.3,"",.0,"9","",0,"9",.0,"9",.0,"8",.0,"9",.0,"9",.0,"9",.0,"9",.0,"9",.0,"9",.0,"9",.0,"9",.0,"9",.0,"9",.0,"9",.0,"9",.0,"9",.0,"9",.0,"9",.0,"9",0,"",0,"","R",0,"9",0,"9",0,"8"
"353140205","SZCZECIN","2019","10","27",16.2,"",8.2,"",11.8,"",6.7,"",.9,"","W",0,"9",.0,"9",.0,"8",2.3,"",.0,"9",.0,"9",.0,"9",.0,"9",.0,"9",.0,"9",.0,"9",.0,"9",.0,"9",.0,"9",.0,"9",.0,"9",.0,"9",.0,"9",.0,"9",0,"",0,"","R",0,"9",0,"9",0,"8"
"353140205","SZCZECIN","2019","10","28",12.3,"",5.4,"",7.8,"",3.8,"",1.2,"","W",0,"9",.0,"9",.0,"8",.8,"",.0,"9",.0,"9",.0,"9",.0,"9",.0,"9",.0,"9",.0,"9",.0,"9",.0,"9",.0,"9",.0,"9",.0,"9",.0,"9",.0,"9",.0,"9",0,"",0,"","R",0,"9",0,"9",0,"8"
"353140205","SZCZECIN","2019","10","29",10.2,"",3.0,"",5.2,"",-1.5,"",.0,"","W",0,"9",.0,"9",.0,"8",.1,"",.0,"9",.0,"9",.0,"9",.0,"9",.0,"9",.0,"9",.0,"9",.0,"9",.0,"9",.0,"9",.0,"9",.0,"9",.0,"9",.0,"9",.0,"9",0,"",0,"","R",0,"9",0,"9",0,"8"
"353140205","SZCZECIN","2019","10","30",9.7,"",.1,"",3.0,"",-4.6,"",.0,"9","",0,"9",.0,"9",.0,"8",.0,"9",.0,"9",.0,"9",.0,"9",.0,"9",4.3,"",.0,"9",.0,"9",.0,"9",.0,"9",.0,"9",.0,"9",.0,"9",.0,"9",.0,"9",.0,"9",0,"",0,"","R",0,"9",0,"9",0,"8"
"353140205","SZCZECIN","2019","10","31",7.8,"",-4.1,"",.9,"",-6.0,"",.0,"9","",0,"9",.0,"9",.0,"8",.0,"9",.0,"9",.0,"9",.0,"9",2.8,"",12.2,"",.0,"9",.0,"9",.0,"9",.0,"9",.0,"9",.0,"9",.0,"9",.0,"9",.0,"9",.0,"9",0,"",0,"","Z",1,"",0,"9",0,"8"
"353140205","SZCZECIN","2019","11","01",6.6,"",-5.0,"",1.2,"",-8.3,"",1.6,"","W",0,"9",.0,"9",.0,"8",3.7,"",.0,"9",.0,"9",.0,"9",1.3,"",15.1,"",.0,"9",.0,"9",.0,"9",.0,"9",.0,"9",.0,"9",.0,"9",.0,"9",.0,"9",.0,"9",0,"",0,"","Z",1,"",0,"9",0,"8"
"353140205","SZCZECIN","2019","11","02",12.8,"",3.2,"",9.3,"",3.0,"",1.1,"","W",0,"9",.0,"9",.0,"8",10.0,"",.0,"9",.0,"9",.0,"9",.0,"9",8.5,"",.0,"9",.0,"9",.0,"9",.0,"9",.0,"9",.0,"9",.0,"9",.0,"9",.0,"9",.0,"9",0,"",0,"","R",0,"8",0,"8",0,"8"
"353140205","SZCZECIN","2019","11","03",13.1,"",9.9,"",11.1,"",9.1,"",4.0,"","W",0,"9",.0,"9",.0,"8",8.8,"",.0,"9",.0,"9",.0,"9",3.9,"",5.4,"",.0,"9",.0,"9",.0,"9",.0,"9",.0,"9",.0,"9",.0,"9",.0,"9",.0,"9",.0,"9",0,"",0,"","R",0,"8",0,"8",0,"8"
"353140205","SZCZECIN","2019","11","04",10.9,"",8.1,"",9.4,"",7.1,"",14.3,"","W",0,"9",.0,"9",.0,"8",17.0,"",.0,"9",.0,"9",.0,"9",5.1,"",18.3,"",.0,"9",.0,"9",.0,"9",.0,"9",.0,"9",.0,"9",.0,"9",.0,"9",.0,"9",.0,"9",0,"",0,"","R",0,"8",0,"8",0,"8"
"353140205","SZCZECIN","2019","11","05",10.2,"",8.9,"",9.2,"",8.6,"",4.1,"","W",0,"9",.0,"9",.0,"8",3.0,"",.0,"9",.0,"9",.0,"9",.0,"9",14.5,"",.0,"9",.0,"9",.0,"9",.0,"9",.0,"9",.0,"9",.0,"9",.0,"9",.0,"9",.0,"9",0,"",0,"","R",0,"9",0,"9",0,"8"
"353140205","SZCZECIN","2019","11","06",9.2,"",6.8,"",7.8,"",6.3,"",.7,"","W",0,"9",.0,"9",.0,"9",7.5,"",.0,"9",.0,"9",.0,"9",.0,"9",13.6,"",.0,"9",.0,"9",.0,"9",.0,"9",.0,"9",.0,"9",.0,"9",.0,"9",.0,"9",.0,"9",0,"",0,"","R",0,"9",0,"9",0,"8"
"353140205","SZCZECIN","2019","11","07",8.9,"",5.4,"",7.5,"",4.3,"",.3,"","W",0,"9",.0,"9",.2,"",1.0,"",.0,"9",.0,"9",.0,"9",.0,"9",8.7,"",.0,"9",.0,"9",.0,"9",.0,"9",.0,"9",.0,"9",.0,"9",.0,"9",.0,"9",.0,"9",0,"",0,"","R",0,"9",0,"9",0,"8"
"353140205","SZCZECIN","2019","11","08",9.3,"",4.2,"",6.7,"",1.6,"",2.0,"","W",0,"9",.0,"9",2.4,"",2.5,"",.0,"9",.0,"9",.0,"9",.0,"9",13.5,"",.0,"9",.0,"9",.0,"9",.0,"9",.0,"9",.0,"9",.0,"9",.0,"9",.0,"9",.0,"9",0,"",0,"","R",0,"9",0,"9",0,"8"
"353140205","SZCZECIN","2019","11","09",8.3,"",5.0,"",7.2,"",3.4,"",1.2,"","W",0,"9",.0,"9",.0,"9",5.6,"",.0,"9",.0,"9",.0,"9",.0,"9",16.8,"",.0,"9",.0,"9",.0,"9",.0,"9",.0,"9",.0,"9",.0,"9",.0,"9",.0,"9",.0,"9",0,"",0,"","R",0,"9",0,"9",0,"8"
"353140205","SZCZECIN","2019","11","10",7.2,"",1.0,"",4.3,"",-2.2,"",.0,"9","",0,"9",.0,"9",.5,"",.0,"9",.0,"9",.0,"9",.0,"9",3.6,"",10.8,"",.0,"9",.0,"9",.0,"9",.0,"9",.0,"9",.0,"9",.0,"9",.0,"9",.0,"9",.0,"9",0,"",0,"","R",0,"9",0,"9",0,"8"
"353140205","SZCZECIN","2019","11","11",6.0,"",2.3,"",3.8,"",2.2,"",.0,"9","",0,"9",.0,"9",1.9,"",.0,"9",.0,"9",.0,"9",.0,"9",.0,"9",18.0,"",.0,"9",.0,"9",.0,"9",.0,"9",.0,"9",.0,"9",.0,"9",.0,"9",.0,"9",.0,"9",0,"",0,"","R",0,"9",0,"9",0,"8"
"353140205","SZCZECIN","2019","11","12",6.0,"",1.6,"",4.2,"",.3,"",.0,"9","",0,"9",.0,"9",.0,"9",.0,"9",.0,"9",.0,"9",.0,"9",.0,"9",4.5,"",.0,"9",.0,"9",.0,"9",.0,"9",.0,"9",.0,"9",.0,"9",.0,"9",.0,"9",.0,"9",0,"",0,"","R",0,"9",0,"9",0,"8"
"353140205","SZCZECIN","2019","11","13",6.8,"",4.1,"",5.3,"",3.2,"",.0,"9","",0,"9",.0,"9",.0,"9",.0,"9",.0,"9",.0,"9",.0,"9",.0,"9",.0,"9",.0,"9",.0,"9",.0,"9",.0,"9",.0,"9",.0,"9",.0,"9",.0,"9",.0,"9",.0,"9",0,"",0,"","R",0,"9",0,"9",0,"8"
"353140205","SZCZECIN","2019","11","14",8.7,"",3.6,"",5.2,"",2.2,"",.0,"9","",0,"9",.0,"9",5.9,"",.0,"9",.0,"9",.0,"9",.0,"9",.0,"9",7.9,"",.0,"9",.0,"9",.0,"9",.0,"9",.0,"9",.0,"9",.0,"9",.0,"9",.0,"9",.0,"9",0,"",0,"","R",0,"9",0,"9",0,"8"
"353140205","SZCZECIN","2019","11","15",8.8,"",4.0,"",6.8,"",3.7,"",.0,"9","",0,"9",.0,"9",.0,"9",.0,"9",.0,"9",.0,"9",.0,"9",.0,"9",14.0,"",.0,"9",.0,"9",.0,"9",.0,"9",.0,"9",.0,"9",.0,"9",.0,"9",.0,"9",.0,"9",0,"",0,"","R",0,"9",0,"9",0,"8"
"353140205","SZCZECIN","2019","11","16",12.4,"",6.1,"",8.4,"",5.5,"",.5,"","W",0,"9",.0,"9",1.5,"",.8,"",.0,"9",.0,"9",.0,"9",.0,"9",10.0,"",.0,"9",.0,"9",.0,"9",.0,"9",.0,"9",.0,"9",.0,"9",.0,"9",.0,"9",.0,"9",0,"",0,"","R",0,"9",0,"9",0,"8"
"353140205","SZCZECIN","2019","11","17",6.9,"",-.7,"",4.2,"",-3.3,"",.0,"","W",0,"9",.0,"9",.0,"9",.8,"",.0,"9",.0,"9",.0,"9",.0,"9",18.0,"",.0,"9",.0,"9",.0,"9",.0,"9",.0,"9",.0,"9",.0,"9",.0,"9",.0,"9",.0,"9",0,"",0,"","Z",1,"",0,"9",0,"8"
"353140205","SZCZECIN","2019","11","18",11.0,"",4.7,"",8.6,"",2.1,"",2.6,"","W",0,"9",.0,"9",1.4,"",4.8,"",.0,"9",.0,"9",.0,"9",.0,"9",17.0,"",.0,"9",.0,"9",.0,"9",.0,"9",.0,"9",.0,"9",.0,"9",.0,"9",.0,"9",.0,"9",0,"",0,"","R",0,"9",0,"9",0,"8"
"353140205","SZCZECIN","2019","11","19",9.7,"",4.8,"",6.4,"",.0,"",1.7,"","W",0,"9",.0,"9",5.5,"",.8,"",.0,"9",.0,"9",.0,"9",.0,"9",.0,"9",.0,"9",.0,"9",.0,"9",.0,"9",.0,"9",.0,"9",.0,"9",.0,"9",.0,"9",.0,"9",0,"",0,"","R",0,"9",0,"9",0,"8"
"353140205","SZCZECIN","2019","11","20",7.7,"",4.4,"",6.3,"",3.2,"",.4,"","W",0,"9",.0,"9",.0,"9",5.4,"",.0,"9",.0,"9",.0,"9",.0,"9",19.2,"",.0,"9",.0,"9",.0,"9",.0,"9",.0,"9",.0,"9",.0,"9",.0,"9",.0,"9",.0,"9",0,"",0,"","R",0,"9",0,"9",0,"8"
"353140205","SZCZECIN","2019","11","21",10.4,"",6.5,"",8.4,"",6.5,"",5.9,"","W",0,"9",.0,"9",.0,"9",9.4,"",.0,"9",.0,"9",.0,"9",1.8,"",21.3,"",.0,"9",.0,"9",.0,"9",.0,"9",.0,"9",.0,"9",.0,"9",.0,"9",.0,"9",.0,"9",0,"",0,"","R",0,"9",0,"9",0,"8"
"353140205","SZCZECIN","2019","11","22",10.7,"",7.1,"",8.7,"",6.3,"",.0,"9","",0,"9",.0,"9",.2,"",1.2,"",.0,"9",.0,"9",.0,"9",.0,"9",12.5,"",.0,"9",.0,"9",.0,"9",.0,"9",.0,"9",.0,"9",.0,"9",.0,"9",.0,"9",.0,"9",0,"",0,"","R",0,"9",0,"9",0,"8"
"353140205","SZCZECIN","2019","11","23",7.3,"",2.9,"",4.2,"",2.8,"",.0,"9","",0,"9",.0,"9",1.8,"",.0,"9",.0,"9",.0,"9",.0,"9",.0,"9",14.5,"",.0,"9",.0,"9",.0,"9",.0,"9",.0,"9",.0,"9",.0,"9",.0,"9",.0,"9",.0,"9",0,"",0,"","R",0,"9",0,"9",0,"8"
"353140205","SZCZECIN","2019","11","24",4.9,"",2.5,"",3.8,"",1.9,"",.0,"9","",0,"9",.0,"9",.0,"9",.0,"9",.0,"9",.0,"9",.0,"9",.0,"9",24.0,"",.0,"9",.0,"9",.0,"9",.0,"9",.0,"9",.0,"9",.0,"9",.0,"9",.0,"9",.0,"9",0,"",0,"","R",0,"9",0,"9",0,"8"
"353140205","SZCZECIN","2019","11","25",4.1,"",2.2,"",2.8,"",2.4,"",.0,"9","",0,"9",.0,"9",.0,"9",.0,"9",.0,"9",.0,"9",.0,"9",.0,"9",24.0,"",.0,"9",.0,"9",.0,"9",.0,"9",.0,"9",.0,"9",.0,"9",.0,"9",.0,"9",.0,"9",0,"",0,"","R",0,"9",0,"9",0,"8"
"353140205","SZCZECIN","2019","11","26",6.5,"",3.1,"",5.4,"",3.2,"",.0,"9","",0,"9",.0,"9",.0,"9",.0,"9",.0,"9",.0,"9",.0,"9",.0,"9",12.5,"",.0,"9",.0,"9",.0,"9",.0,"9",.0,"9",.0,"9",.0,"9",.0,"9",.0,"9",.0,"9",0,"",0,"","R",0,"9",0,"9",0,"8"
"353140205","SZCZECIN","2019","11","27",7.4,"",5.6,"",7.0,"",4.2,"",1.2,"","W",0,"9",.0,"9",.9,"",2.6,"",.0,"9",.0,"9",.0,"9",.0,"9",5.3,"",.0,"9",.0,"9",.0,"9",.0,"9",.0,"9",.0,"9",.0,"9",.0,"9",.0,"9",.0,"9",0,"",0,"","R",0,"9",0,"9",0,"8"
"353140205","SZCZECIN","2019","11","28",12.6,"",7.0,"",9.8,"",5.7,"",1.6,"","W",0,"9",.0,"9",1.0,"",1.8,"",.0,"9",.0,"9",.0,"9",.0,"9",.0,"9",.0,"9",.0,"9",.0,"9",.0,"9",.0,"9",.0,"9",.0,"9",.0,"9",.0,"9",.0,"9",0,"",0,"","R",0,"9",0,"9",0,"8"
"353140205","SZCZECIN","2019","11","29",10.1,"",3.2,"",5.4,"",1.8,"",.4,"","W",0,"9",.0,"9",.4,"",2.1,"",.0,"9",.0,"9",.0,"9",.0,"9",.0,"9",.0,"9",.0,"9",.0,"9",.0,"9",.0,"9",.0,"9",.0,"9",.0,"9",.0,"9",.0,"9",0,"",0,"","R",0,"9",0,"9",0,"8"
"353140205","SZCZECIN","2019","11","30",4.5,"",-.8,"",1.4,"",-2.0,"",.1,"","W",0,"9",.0,"9",4.1,"",.1,"",.0,"9",.0,"9",.0,"9",.0,"9",.0,"9",.0,"9",.0,"9",.0,"9",.0,"9",.0,"9",.0,"9",.0,"9",.0,"9",.0,"9",.0,"9",0,"",0,"","R",0,"9",0,"9",0,"8"
"353140205","SZCZECIN","2019","12","01",2.9,"",-.2,"",1.6,"",-3.5,"",.0,"9","",0,"9",.0,"9",.0,"9",.0,"9",.0,"9",.0,"9",.0,"9",3.8,"",14.7,"",.0,"9",.0,"9",.0,"9",.0,"9",.0,"9",.0,"9",.0,"9",.0,"9",.0,"9",.0,"9",0,"",0,"","R",0,"9",0,"9",0,"8"
"353140205","SZCZECIN","2019","12","02",5.8,"",1.5,"",3.0,"",.8,"",.6,"","W",0,"9",.0,"9",.8,"",1.3,"",.0,"9",.0,"9",.0,"9",.0,"9",5.5,"",.0,"9",.0,"9",.0,"9",.0,"9",.0,"9",.0,"9",.0,"9",.0,"9",.0,"9",.0,"9",0,"",0,"","R",0,"9",0,"9",0,"8"
"353140205","SZCZECIN","2019","12","03",3.5,"",-1.5,"",1.1,"",-4.6,"",.6,"","W",0,"9",.0,"9",5.9,"",3.1,"",.0,"9",.0,"9",.0,"9",.0,"9",9.2,"",.0,"9",.0,"9",.0,"9",.0,"9",.0,"9",.0,"9",.0,"9",.0,"9",.0,"9",.0,"9",0,"",0,"","Z",1,"",0,"9",0,"8"
"353140205","SZCZECIN","2019","12","04",5.9,"",2.6,"",5.3,"",2.5,"",.0,"","W",0,"9",.0,"9",.0,"9",.5,"",.0,"9",.0,"9",.0,"9",.0,"9",15.5,"",.0,"9",.0,"9",.0,"9",.0,"9",.0,"9",.0,"9",.0,"9",.0,"9",.0,"9",.0,"9",0,"",0,"","R",0,"9",0,"9",0,"8"
"353140205","SZCZECIN","2019","12","05",5.3,"",.1,"",1.8,"",-2.1,"",.0,"9","",0,"9",.0,"9",6.4,"",.0,"9",.0,"9",.0,"9",.0,"9",.0,"9",4.5,"",.0,"9",.0,"9",.0,"9",.0,"9",.0,"9",.0,"9",.0,"9",.0,"9",.0,"9",.0,"9",0,"",0,"","R",0,"9",0,"9",0,"8"
"353140205","SZCZECIN","2019","12","06",3.3,"",.2,"",2.3,"",-.4,"",4.3,"","W",0,"9",.0,"9",.0,"9",13.1,"",.0,"9",.0,"9",.0,"9",.0,"9",17.3,"",.0,"9",.0,"9",.0,"9",.0,"9",.0,"9",.0,"9",.0,"9",.0,"9",.0,"9",.0,"9",0,"",0,"","R",0,"9",0,"9",0,"8"
"353140205","SZCZECIN","2019","12","07",9.0,"",3.1,"",6.9,"",2.8,"",3.9,"","W",0,"9",.0,"9",.2,"",5.4,"",.0,"9",.0,"9",.0,"9",.0,"9",7.2,"",.0,"9",.0,"9",.0,"9",.0,"9",.0,"9",.0,"9",.0,"9",.0,"9",.0,"9",.0,"9",0,"",0,"","R",0,"9",0,"9",0,"8"
"353140205","SZCZECIN","2019","12","08",9.8,"",6.1,"",8.2,"",4.8,"",1.0,"","W",0,"9",.0,"9",.1,"",2.6,"",.0,"9",.0,"9",.0,"9",.0,"9",.0,"9",.0,"9",.0,"9",.0,"9",.0,"9",.0,"9",.0,"9",.0,"9",.0,"9",.0,"9",.0,"9",0,"",0,"","R",0,"9",0,"9",0,"8"
"353140205","SZCZECIN","2019","12","09",10.0,"",5.2,"",7.0,"",3.8,"",2.6,"","W",0,"9",.0,"9",3.0,"",2.6,"",.0,"9",.0,"9",.0,"9",.0,"9",.0,"9",.0,"9",.0,"9",.0,"9",.0,"9",.0,"9",.0,"9",.0,"9",.0,"9",.0,"9",.0,"9",0,"",0,"","R",0,"9",0,"9",0,"8"
"353140205","SZCZECIN","2019","12","10",6.5,"",1.5,"",3.4,"",-3.0,"",.0,"9","",0,"9",.0,"9",7.0,"",.0,"9",.0,"9",.0,"9",.0,"9",.0,"9",.0,"9",.0,"9",.0,"9",.0,"9",.0,"9",.0,"9",.0,"9",.0,"9",.0,"9",.0,"9",.0,"9",0,"",0,"","R",0,"9",0,"9",0,"8"
"353140205","SZCZECIN","2019","12","11",3.8,"",1.1,"",2.5,"",-.6,"",.0,"9","",0,"9",.0,"9",.3,"",.0,"9",.0,"9",.0,"9",.0,"9",.0,"9",.0,"9",.0,"9",.0,"9",.0,"9",.0,"9",.0,"9",.0,"9",.0,"9",.0,"9",.0,"9",.0,"9",0,"",0,"","R",0,"9",0,"9",0,"8"
"353140205","SZCZECIN","2019","12","12",3.7,"",-.4,"",2.1,"",-1.9,"",.1,"","W",0,"9",.0,"9",.0,"9",2.2,"",.0,"9",.0,"9",.0,"9",.0,"9",9.8,"",.0,"9",.0,"9",.0,"9",.0,"9",.0,"9",.0,"9",.0,"9",.0,"9",.0,"9",.0,"9",0,"",0,"","R",0,"9",0,"9",0,"8"
"353140205","SZCZECIN","2019","12","13",3.8,"",-.6,"",1.4,"",-1.7,"",.1,"","W",0,"9",.0,"9",.4,"",.0,"9",.0,"9",.0,"9",.0,"9",.0,"9",21.3,"",.0,"9",.0,"9",.0,"9",.0,"9",.0,"9",.0,"9",.0,"9",.0,"9",.0,"9",.0,"9",0,"",0,"","R",0,"9",0,"9",0,"8"
"353140205","SZCZECIN","2019","12","14",5.1,"",.0,"",3.1,"",-1.6,"",3.9,"","W",0,"9",.0,"9",.0,"9",8.1,"",.0,"9",.0,"9",.0,"9",.0,"9",4.0,"",.0,"9",.0,"9",.0,"9",.0,"9",.0,"9",.0,"9",.0,"9",.0,"9",.0,"9",.0,"9",0,"",0,"","R",0,"9",0,"9",0,"8"
"353140205","SZCZECIN","2019","12","15",8.4,"",2.3,"",5.1,"",1.2,"",1.3,"","W",0,"9",.0,"9",2.2,"",2.3,"",.0,"9",.0,"9",.0,"9",.0,"9",.0,"9",.0,"9",.0,"9",.0,"9",.0,"9",.0,"9",.0,"9",.0,"9",.0,"9",.0,"9",.0,"9",0,"",0,"","R",0,"9",0,"9",0,"8"
"353140205","SZCZECIN","2019","12","16",7.5,"",4.6,"",6.1,"",3.4,"",.0,"","W",0,"9",.0,"9",.0,"9",.7,"",.0,"9",.0,"9",.0,"9",.0,"9",.0,"9",.0,"9",.0,"9",.0,"9",.0,"9",.0,"9",.0,"9",.0,"9",.0,"9",.0,"9",.0,"9",0,"",0,"","R",0,"9",0,"9",0,"8"
"353140205","SZCZECIN","2019","12","17",11.5,"",2.7,"",7.6,"",-.3,"",.0,"9","",0,"9",.0,"9",1.6,"",.0,"9",.0,"9",.0,"9",.0,"9",.0,"9",4.5,"",.0,"9",.0,"9",.0,"9",.0,"9",.0,"9",.0,"9",.0,"9",.0,"9",.0,"9",.0,"9",0,"",0,"","R",0,"9",0,"9",0,"8"
"353140205","SZCZECIN","2019","12","18",13.1,"",6.4,"",8.7,"",5.5,"",.0,"9","",0,"9",.0,"9",3.7,"",.0,"9",.0,"9",.0,"9",.0,"9",.0,"9",.5,"",.0,"9",.0,"9",.0,"9",.0,"9",.0,"9",.0,"9",.0,"9",.0,"9",.0,"9",.0,"9",0,"",0,"","R",0,"9",0,"9",0,"8"
"353140205","SZCZECIN","2019","12","19",8.0,"",-2.9,"",3.3,"",-5.8,"",.0,"9","",0,"9",.0,"9",5.1,"",.0,"9",.0,"9",.0,"9",.0,"9",1.6,"",15.2,"",.0,"9",.0,"9",.0,"9",.0,"9",.0,"9",.0,"9",.0,"9",.0,"9",.0,"9",.0,"9",0,"",0,"","Z",1,"",0,"9",0,"8"
"353140205","SZCZECIN","2019","12","20",10.9,"",3.3,"",6.9,"",-.3,"",2.4,"","W",0,"9",.0,"9",6.2,"",.0,"9",.0,"9",.0,"9",.0,"9",.0,"9",11.0,"",.0,"9",.0,"9",.0,"9",.0,"9",.0,"9",.0,"9",.0,"9",.0,"9",.0,"9",.0,"9",0,"",0,"","R",0,"9",0,"9",0,"8"
"353140205","SZCZECIN","2019","12","21",10.0,"",4.8,"",7.1,"",1.9,"",1.7,"","W",0,"9",.0,"9",1.2,"",6.5,"",.0,"9",.0,"9",.0,"9",1.2,"",12.7,"",.0,"9",.0,"9",.0,"9",.0,"9",.0,"9",.0,"9",.0,"9",.0,"9",.0,"9",.0,"9",0,"",0,"","R",0,"9",0,"9",0,"8"
"353140205","SZCZECIN","2019","12","22",7.3,"",.4,"",2.8,"",-2.8,"",.1,"","W",0,"9",.0,"9",.0,"9",1.3,"",.0,"9",.0,"9",.0,"9",13.2,"",10.8,"",.0,"9",.0,"9",.0,"9",.0,"9",.0,"9",.0,"9",.0,"9",.0,"9",.0,"9",.0,"9",0,"",0,"","R",0,"9",0,"9",0,"8"
"353140205","SZCZECIN","2019","12","23",7.5,"",4.4,"",5.7,"",3.3,"",.2,"","W",0,"9",.0,"9",.0,"9",1.5,"",.0,"9",.0,"9",.0,"9",.0,"9",12.7,"",.0,"9",.0,"9",.0,"9",.0,"9",.0,"9",.0,"9",.0,"9",.0,"9",.0,"9",.0,"9",0,"",0,"","R",0,"9",0,"9",0,"8"
"353140205","SZCZECIN","2019","12","24",6.9,"",3.4,"",5.7,"",.4,"",1.1,"","W",0,"9",.0,"9",.4,"",1.0,"",.0,"9",.0,"9",.0,"9",.0,"9",.0,"9",.0,"9",.0,"9",.0,"9",.0,"9",.0,"9",.0,"9",.0,"9",.0,"9",.0,"9",.0,"9",0,"",0,"","R",0,"9",0,"9",0,"8"
"353140205","SZCZECIN","2019","12","25",6.0,"",3.3,"",4.6,"",2.5,"",1.4,"","W",0,"9",.0,"9",.0,"9",7.2,"",.0,"9",.0,"9",.0,"9",.0,"9",16.6,"",.0,"9",.0,"9",.0,"9",.0,"9",.0,"9",.0,"9",.0,"9",.0,"9",.0,"9",.0,"9",0,"",0,"","R",0,"9",0,"9",0,"8"
"353140205","SZCZECIN","2019","12","26",6.1,"",1.9,"",4.2,"",-1.2,"",.2,"","W",0,"9",.0,"9",.5,"",1.3,"",.0,"9",.0,"9",.0,"9",.0,"9",.0,"9",.0,"9",.0,"9",.0,"9",.0,"9",.0,"9",.0,"9",.0,"9",.0,"9",.0,"9",.0,"9",0,"",0,"","R",0,"9",0,"9",0,"8"
"353140205","SZCZECIN","2019","12","27",4.2,"",1.1,"",2.8,"",-1.8,"",.2,"","W",0,"9",.0,"9",.0,"9",2.5,"",.0,"9",.0,"9",.0,"9",.0,"9",.0,"9",.0,"9",.0,"9",.0,"9",.0,"9",.0,"9",.0,"9",.0,"9",.0,"9",.0,"9",.0,"9",0,"",0,"","R",0,"9",0,"9",0,"8"
"353140205","SZCZECIN","2019","12","28",3.4,"",1.4,"",1.9,"",.9,"",.0,"9","",0,"9",.0,"9",.5,"",.0,"9",.0,"9",.0,"9",.0,"9",.0,"9",.0,"9",.0,"9",.0,"9",.0,"9",.0,"9",.0,"9",.0,"9",.0,"9",.0,"9",.0,"9",.0,"9",0,"",0,"","R",0,"9",0,"9",0,"8"
"353140205","SZCZECIN","2019","12","29",2.2,"",-2.2,"",.6,"",-4.5,"",.0,"9","",0,"9",.0,"9",2.3,"",.0,"9",.0,"9",.0,"9",.0,"9",.0,"9",.0,"9",.0,"9",.0,"9",.0,"9",.0,"9",.0,"9",.0,"9",.0,"9",.0,"9",.0,"9",.0,"9",0,"",0,"","Z",1,"",0,"9",0,"8"
"353140205","SZCZECIN","2019","12","30",7.2,"",1.2,"",5.0,"",.8,"",.0,"","W",0,"9",.0,"9",.1,"",.0,"9",.0,"9",.0,"9",.0,"9",.0,"9",.0,"9",.0,"9",.0,"9",.0,"9",.0,"9",.0,"9",.0,"9",.0,"9",.0,"9",.0,"9",.0,"9",0,"",0,"","R",0,"9",0,"9",0,"8"
"353140205","SZCZECIN","2019","12","31",8.0,"",4.0,"",5.5,"",2.0,"",.0,"9","",0,"9",.0,"9",.4,"",1.3,"",.0,"9",.0,"9",.0,"9",.0,"9",.0,"9",.0,"9",.0,"9",.0,"9",.0,"9",.0,"9",.0,"9",.0,"9",.0,"9",.0,"9",.0,"9",0,"",0,"","R",0,"9",0,"9",0,"8"
